,0,1,2,3,4
19048870,Precioso estudio con vistas en Playa ParaÃ­so,https://www.airbnb.es/rooms/19048870?adults=2&children=0&infants=0&check_in=2022-05-05&check_out=2022-05-12&federated_search_id=6d13f23c-73bb-4985-8b6b-c5a4a806dddf&source_impression_id=p3_1646400606_egoECCtqhxKKZ2VE,3 huÃ©spedes Â· Estudio Â· 2 camas Â· 1 baÃ±o,"['28.1199,-16.7752']",42â‚¬ 
45545618,Brand new apartment on the beachfront with pool!,https://www.airbnb.es/rooms/45545618?adults=2&children=0&infants=0&check_in=2022-05-13&check_out=2022-05-20&federated_search_id=6d13f23c-73bb-4985-8b6b-c5a4a806dddf&source_impression_id=p3_1646400617_kRsZ2I5D2%2BG0gG2v,4 huÃ©spedes Â· Estudio Â· 1 cama Â· 1 baÃ±o,"['28.12262,-16.774']",41â‚¬
48619118,"IncreÃ­ble piso con vista al mar en Adeje, Playa Paraiso",https://www.airbnb.es/rooms/48619118?adults=2&children=0&infants=0&check_in=2022-05-15&check_out=2022-05-22&federated_search_id=6d13f23c-73bb-4985-8b6b-c5a4a806dddf&source_impression_id=p3_1646400629_XVpg6zwvv%2BqFdNUQ,4 huÃ©spedes Â· 1 dormitorio Â· 2 camas Â· 1 baÃ±o,"['28.12345,-16.77564']",30â‚¬
13231503,Primera linea de playa en Playa ParaÃ­so.,https://www.airbnb.es/rooms/13231503?adults=2&children=0&infants=0&check_in=2022-05-05&check_out=2022-05-12&federated_search_id=6d13f23c-73bb-4985-8b6b-c5a4a806dddf&source_impression_id=p3_1646400641_FJ8t%2FCQdflNgy1jP,"2 huÃ©spedes Â· Estudio Â· 1 cama Â· 1,5 baÃ±os","['28.11987,-16.77655']",39â‚¬
31979710,Apartamento Playa Paraiso II,https://www.airbnb.es/rooms/31979710?adults=2&children=0&infants=0&check_in=2022-05-09&check_out=2022-05-16&federated_search_id=6d13f23c-73bb-4985-8b6b-c5a4a806dddf&source_impression_id=p3_1646400653_9KWMW0s%2BU4ef%2BCW%2F,"4 huÃ©spedes Â· 1 dormitorio Â· 2 camas Â· 1,5 baÃ±os",[],50â‚¬ 
50178381,One Bedroom ocean view apartment,https://www.airbnb.es/rooms/50178381?adults=2&children=0&infants=0&check_in=2022-05-20&check_out=2022-05-27&federated_search_id=6d13f23c-73bb-4985-8b6b-c5a4a806dddf&source_impression_id=p3_1646400665_WWlH0z5hYan5P6I9,"3 huÃ©spedes Â· 1 dormitorio Â· 1 cama Â· 1,5 baÃ±os","['28.12146,-16.77585']",47â‚¬ 
36064954,"Recientemente rediseÃ±ado, cerca de la playa + wifi",https://www.airbnb.es/rooms/36064954?adults=2&children=0&infants=0&check_in=2022-05-26&check_out=2022-06-02&federated_search_id=6d13f23c-73bb-4985-8b6b-c5a4a806dddf&source_impression_id=p3_1646400677_lQrYYjz587YsT0k2,4 huÃ©spedes Â· 1 dormitorio Â· 2 camas Â· 1 baÃ±o,"['28.12198,-16.77552']",49â‚¬ 
32326066,Beautiful Studio Apartment Playa ParaÃ­so . Wifi,https://www.airbnb.es/rooms/32326066?adults=2&children=0&infants=0&check_in=2022-05-13&check_out=2022-05-20&federated_search_id=6d13f23c-73bb-4985-8b6b-c5a4a806dddf&source_impression_id=p3_1646400688_X0tRLPyXsU4IiSjb,2 huÃ©spedes Â· Estudio Â· 2 camas Â· 1 baÃ±o,"['28.12346,-16.77689']",32â‚¬ 
9863616?,Estudio moderno Playa ParaÃ­so - Wi-Fi gratuito,https://www.airbnb.es/rooms/9863616?adults=2&children=0&infants=0&check_in=2022-05-29&check_out=2022-06-05&federated_search_id=7a0704ce-153e-4435-a759-37c46ee2c942&source_impression_id=p3_1646400861_4%2BysLdrFJsSYrle9,2 huÃ©spedes Â· Estudio Â· 1 cama Â· 1 baÃ±o,"['28.12301,-16.77608']",34â‚¬
22189272,Apartamento frente Hard Rock con Wi-Fi,https://www.airbnb.es/rooms/22189272?adults=2&children=0&infants=0&check_in=2022-05-13&check_out=2022-05-20&federated_search_id=7a0704ce-153e-4435-a759-37c46ee2c942&source_impression_id=p3_1646400850_eiRg0qpS5nkyUf3M,3 huÃ©spedes Â· Estudio Â· 4 camas Â· 1 baÃ±o,"['28.11941,-16.772']",36â‚¬
21187192,"Bonito apartamento con vistas al mar, cerca de la playa, piscina climatizada",https://www.airbnb.es/rooms/21187192?adults=2&children=0&infants=0&check_in=2022-05-11&check_out=2022-05-18&federated_search_id=3d9e4404-c33a-42a4-856b-563717eb7239&source_impression_id=p3_1646401130_jXYwcw0ZIvuCUJT7,6 huÃ©spedes Â· 2 dormitorios Â· 2 camas Â· 1 baÃ±o,"['28.12257,-16.77699']",38â‚¬
41739362,Apartamento vacacional Club Paraiso,https://www.airbnb.es/rooms/41739362?adults=2&children=0&infants=0&check_in=2022-05-25&check_out=2022-06-01&federated_search_id=6d13f23c-73bb-4985-8b6b-c5a4a806dddf&source_impression_id=p3_1646400736_FrdQSVCVPc7piSTL,2 huÃ©spedes Â· 1 dormitorio Â· 2 camas Â· 1 baÃ±o,"['28.12087,-16.77427']",45â‚¬ 
957006?a,Lux apartment. Live front the ocean,https://www.airbnb.es/rooms/957006?adults=2&children=0&infants=0&check_in=2022-05-04&check_out=2022-05-11&federated_search_id=6d13f23c-73bb-4985-8b6b-c5a4a806dddf&source_impression_id=p3_1646400748_ak9VBK2VU%2F2HJFSy,2 huÃ©spedes Â· 1 dormitorio Â· 2 camas Â· 1 baÃ±o,"['28.12329,-16.77643']",56â‚¬ 
48878652,â˜€ï¸ğŸŒ´NATALIA BEACH APARTMENTğŸŒ´ğŸŒŸ,https://www.airbnb.es/rooms/48878652?adults=2&children=0&infants=0&check_in=2022-05-14&check_out=2022-05-21&federated_search_id=6d13f23c-73bb-4985-8b6b-c5a4a806dddf&source_impression_id=p3_1646400759_x096UmqjyDxFr8zL,2 huÃ©spedes Â· 1 dormitorio Â· 2 camas Â· 1 baÃ±o,"['28.12214,-16.77391']",40â‚¬
6651890?,Bonito apartamento cerca del mar,https://www.airbnb.es/rooms/6651890?adults=2&children=0&infants=0&check_in=2022-05-07&check_out=2022-05-14&federated_search_id=6d13f23c-73bb-4985-8b6b-c5a4a806dddf&source_impression_id=p3_1646400772_YRxUWzrtT5UsTpYv,4 huÃ©spedes Â· 1 dormitorio Â· 2 camas Â· 1 baÃ±o,"['28.11831,-16.77404']",55â‚¬ 
38057129,Club Paraiso with wifi and free parking!!!,https://www.airbnb.es/rooms/38057129?adults=2&children=0&infants=0&check_in=2022-05-01&check_out=2022-05-08&federated_search_id=7a0704ce-153e-4435-a759-37c46ee2c942&source_impression_id=p3_1646400885_p78Y1Brp2B3fbl2E,"4 huÃ©spedes Â· 2 dormitorios Â· 2 camas Â· 1,5 baÃ±os","['28.12328,-16.77541']",57â‚¬
49167791,Apartamento Lux con vistas panorÃ¡micas al mar,https://www.airbnb.es/rooms/49167791?adults=2&children=0&infants=0&check_in=2022-05-28&check_out=2022-06-04&federated_search_id=6d13f23c-73bb-4985-8b6b-c5a4a806dddf&source_impression_id=p3_1646400796_MqvWcZ8icVvjkDwQ,2 huÃ©spedes Â· 1 dormitorio Â· 1 cama Â· 1 baÃ±o,"['28.12198,-16.76857']",58â‚¬
34731743,IncreÃ­ble vista precioso apartamento moderno,https://www.airbnb.es/rooms/34731743?adults=2&children=0&infants=0&check_in=2022-05-10&check_out=2022-05-17&federated_search_id=6d13f23c-73bb-4985-8b6b-c5a4a806dddf&source_impression_id=p3_1646400807_jUb7FR%2BCDMcVBkaq,2 huÃ©spedes Â· Estudio Â· 2 camas Â· 1 baÃ±o,"['28.12139,-16.77706']",35â‚¬
17746661,MagnÃ­fico Apartamento Playa Paraiso,https://www.airbnb.es/rooms/17746661?adults=2&children=0&infants=0&check_in=2022-05-16&check_out=2022-05-23&federated_search_id=6d13f23c-73bb-4985-8b6b-c5a4a806dddf&source_impression_id=p3_1646400819_%2FNyKK2MWQV1x8pII,3 huÃ©spedes Â· 1 dormitorio Â· 3 camas Â· 1 baÃ±o,"['28.12301,-16.775']",48â‚¬
32347944,"Apartamento de una cama Amazing Sea, Vistas a la montaÃ±a, Wifi",https://www.airbnb.es/rooms/32347944?adults=2&children=0&infants=0&check_in=2022-05-11&check_out=2022-05-18&federated_search_id=6d13f23c-73bb-4985-8b6b-c5a4a806dddf&source_impression_id=p3_1646400832_N1NTgZG64QpumGHx,2 huÃ©spedes Â· 1 dormitorio Â· 2 camas Â· 1 baÃ±o,"['28.12042,-16.77387']",47â‚¬ 
20091125,NUEVO Y LUJOSO APARTAMENTO,https://www.airbnb.es/rooms/20091125?adults=2&children=0&infants=0&check_in=2022-05-01&check_out=2022-05-08&federated_search_id=7a0704ce-153e-4435-a759-37c46ee2c942&source_impression_id=p3_1646400873_Pb%2BYfy%2BB%2FNwE4AJB,4 huÃ©spedes Â· 2 dormitorios Â· 3 camas Â· 1 baÃ±o,"['28.1213,-16.7709']",71â‚¬
28655870,Apartamento Paraiso,https://www.airbnb.es/rooms/28655870?adults=2&children=0&infants=0&check_in=2022-05-03&check_out=2022-05-08&federated_search_id=7a0704ce-153e-4435-a759-37c46ee2c942&source_impression_id=p3_1646400897_KE%2Fdp%2B5Po1yJu0sm,4 huÃ©spedes Â· 1 dormitorio Â· 1 cama Â· 1 baÃ±o,[],50â‚¬
45915914,"Apartamento en Playa ParaÃ­so (Adeje), Tenerife Sur",https://www.airbnb.es/rooms/45915914?adults=2&children=0&infants=0&check_in=2022-05-04&check_out=2022-05-11&federated_search_id=7a0704ce-153e-4435-a759-37c46ee2c942&source_impression_id=p3_1646400909_7kFJs%2Bh6e43Zgi98,4 huÃ©spedes Â· 2 dormitorios Â· 3 camas Â· 1 baÃ±o,"['28.12232,-16.77301']",50â‚¬
990041?a,Exquisito Ambiente en Tenerife Sur.,https://www.airbnb.es/rooms/990041?adults=2&children=0&infants=0&check_in=2022-05-23&check_out=2022-05-30&federated_search_id=7a0704ce-153e-4435-a759-37c46ee2c942&source_impression_id=p3_1646400921_EiRtB5tWvW3msQTB,2 huÃ©spedes Â· 1 dormitorio Â· 1 cama Â· 1 baÃ±o,"['28.12262,-16.77115']",69â‚¬
13216518,Moderno y confortable APARTAMENTO con terraza jardÃ­n.,https://www.airbnb.es/rooms/13216518?adults=2&children=0&infants=0&check_in=2022-05-14&check_out=2022-05-21&federated_search_id=7a0704ce-153e-4435-a759-37c46ee2c942&source_impression_id=p3_1646400933_wfVESLAbL9hQqX7a,3 huÃ©spedes Â· 2 dormitorios Â· 2 camas Â· 1 baÃ±o,"['28.12193,-16.77133']",50â‚¬
54047851,Panoramic view @ Playa Paraiso,https://www.airbnb.es/rooms/54047851?adults=2&children=0&infants=0&check_in=2022-05-04&check_out=2022-05-11&federated_search_id=7a0704ce-153e-4435-a759-37c46ee2c942&source_impression_id=p3_1646400945_aez8MyilYG2N7L%2B%2B,3 huÃ©spedes Â· 1 dormitorio Â· 2 camas Â· 1 baÃ±o,"['28.12248,-16.77626']",67â‚¬
31345252,Estudio con vistas al mar,https://www.airbnb.es/rooms/31345252?adults=2&children=0&infants=0&check_in=2022-05-23&check_out=2022-05-30&federated_search_id=7a0704ce-153e-4435-a759-37c46ee2c942&source_impression_id=p3_1646400956_YV22XRs%2FnvI%2FKFPi,4 huÃ©spedes Â· Estudio Â· 2 camas Â· 1 baÃ±o,"['28.12066,-16.77138']",55â‚¬ 
12487303,PARADISE BEACH AMAZING SEA OVERVIEW,https://www.airbnb.es/rooms/12487303?adults=2&children=0&infants=0&check_in=2022-05-30&check_out=2022-06-06&federated_search_id=7a0704ce-153e-4435-a759-37c46ee2c942&source_impression_id=p3_1646400968_o84%2Br1lzTG4UpSGa,"4 huÃ©spedes Â· 1 dormitorio Â· 2 camas Â· 1,5 baÃ±os","['28.11878,-16.77424']",55â‚¬
18209001,Apartamento Hard Rock con garaje Tenerife sud,https://www.airbnb.es/rooms/18209001?adults=2&children=0&infants=0&check_in=2022-05-26&check_out=2022-06-02&federated_search_id=7a0704ce-153e-4435-a759-37c46ee2c942&source_impression_id=p3_1646400980_AxJV6YPJuxbVDhMR,5 huÃ©spedes Â· 1 dormitorio Â· 3 camas Â· 1 baÃ±o,"['28.12341,-16.77527']",56â‚¬
49711629,Apartamento de lujo de 2 dormitorios en Playa ParaÃ­so,https://www.airbnb.es/rooms/49711629?adults=2&children=0&infants=0&check_in=2022-05-22&check_out=2022-05-29&federated_search_id=7a0704ce-153e-4435-a759-37c46ee2c942&source_impression_id=p3_1646400992_y8VGld3LNWGF3n57,4 huÃ©spedes Â· 2 dormitorios Â· 2 camas Â· 2 baÃ±os,"['28.12256,-16.77431']",55â‚¬
22244334,Apartamento Playa ParaÃ­so Sur,https://www.airbnb.es/rooms/22244334?adults=2&children=0&infants=0&check_in=2022-05-11&check_out=2022-05-18&federated_search_id=7a0704ce-153e-4435-a759-37c46ee2c942&source_impression_id=p3_1646401004_LDX5fczjWwehRBeT,4 huÃ©spedes Â· 1 dormitorio Â· 2 camas Â· 1 baÃ±o,"['28.12046,-16.77183']",60â‚¬ 
4177022?,EsplÃ©ndidas vistas. WIFI y playa.,https://www.airbnb.es/rooms/4177022?adults=2&children=0&infants=0&check_in=2022-05-09&check_out=2022-05-16&federated_search_id=7a0704ce-153e-4435-a759-37c46ee2c942&source_impression_id=p3_1646401016_%2FED7j%2FAEgQHtE9VK,5 huÃ©spedes Â· 2 dormitorios Â· 3 camas Â· 1 baÃ±o,"['28.1223,-16.7755']",55â‚¬
16346234,Apartamento 3BD - terraza soleada perfecta para familias,https://www.airbnb.es/rooms/16346234?adults=2&children=0&infants=0&check_in=2022-05-02&check_out=2022-05-09&federated_search_id=7a0704ce-153e-4435-a759-37c46ee2c942&source_impression_id=p3_1646401028_%2BUnamDBfn%2FT61593,7 huÃ©spedes Â· 3 dormitorios Â· 3 camas Â· 2 baÃ±os,"['28.1213,-16.7706']",100â‚¬
40606861,"Acogedor y chic: Ideal para disfrutar de las vistas al mar, piscina climatizada, 4 plazas",https://www.airbnb.es/rooms/40606861?adults=2&children=0&infants=0&check_in=2022-05-26&check_out=2022-06-02&federated_search_id=7a0704ce-153e-4435-a759-37c46ee2c942&source_impression_id=p3_1646401039_E1mxG9jeN1dNatFF,4 huÃ©spedes Â· 2 dormitorios Â· 2 camas Â· 2 baÃ±os,"['28.1209,-16.7715']",100â‚¬ 
509153?a,Sol relax y confort en Tenerife Sur,https://www.airbnb.es/rooms/509153?adults=2&children=0&infants=0&check_in=2022-05-13&check_out=2022-05-20&federated_search_id=7a0704ce-153e-4435-a759-37c46ee2c942&source_impression_id=p3_1646401051_dLsgepsLKj5U9jfu,2 huÃ©spedes Â· 1 dormitorio Â· 1 cama Â· 1 baÃ±o,"['28.12197,-16.77127']",75â‚¬
50395693,Precioso apartamento con increÃ­ble vista mar !,https://www.airbnb.es/rooms/50395693?adults=2&children=0&infants=0&check_in=2022-05-26&check_out=2022-06-02&federated_search_id=3d9e4404-c33a-42a4-856b-563717eb7239&source_impression_id=p3_1646401153_fzvY%2BWXjUK06dOCx,4 huÃ©spedes Â· 1 dormitorio Â· 3 camas Â· 1 baÃ±o,"['28.12145,-16.77538']",50â‚¬
47815083,Sunny Duplex Blue Atlantic Views â™¥,https://www.airbnb.es/rooms/47815083?adults=2&children=0&infants=0&check_in=2022-05-08&check_out=2022-05-15&federated_search_id=3d9e4404-c33a-42a4-856b-563717eb7239&source_impression_id=p3_1646401118_wi7PE89GqxO5C2HI,4 huÃ©spedes Â· 2 dormitorios Â· 2 camas Â· 2 baÃ±os,"['28.12254,-16.771']",132â‚¬ 
28401245,R.PARAISO 2 WITH OCEAN AND MOUNTAIN VIEW,https://www.airbnb.es/rooms/28401245?adults=2&children=0&infants=0&check_in=2022-05-27&check_out=2022-06-03&federated_search_id=3d9e4404-c33a-42a4-856b-563717eb7239&source_impression_id=p3_1646401095_lA3Yn6yYDCzkTa%2BI,4 huÃ©spedes Â· 2 dormitorios Â· 3 camas Â· 2 baÃ±os,"['28.12176,-16.77007']",60â‚¬ 
34268121,Apartamento en la playa Paradise,https://www.airbnb.es/rooms/34268121?adults=2&children=0&infants=0&check_in=2022-05-11&check_out=2022-05-18&federated_search_id=3d9e4404-c33a-42a4-856b-563717eb7239&source_impression_id=p3_1646401106_ye09F1%2FSUJDYVnsc,2 huÃ©spedes Â· 1 dormitorio Â· 1 cama Â· 1 baÃ±o,"['28.12254,-16.76676']",51â‚¬
8349989?,Vista Panoramica,https://www.airbnb.es/rooms/8349989?adults=2&children=0&infants=0&check_in=2022-05-14&check_out=2022-05-21&federated_search_id=3d9e4404-c33a-42a4-856b-563717eb7239&source_impression_id=p3_1646401142_D18hU3TjdVEYXNuh,4 huÃ©spedes Â· Estudio Â· 2 camas Â· 1 baÃ±o,"['28.1217,-16.7783']",40â‚¬
50324101,Cozy 2bd sea view apartment,https://www.airbnb.es/rooms/50324101?adults=2&children=0&infants=0&check_in=2022-05-28&check_out=2022-06-04&federated_search_id=5791ddc9-26a4-42b3-9250-ef5f8ebdc103&source_impression_id=p3_1646401372_VIm7Aw3jGJQdLuIV,"4 huÃ©spedes Â· 2 dormitorios Â· 2 camas Â· 1,5 baÃ±os","['28.12026,-16.77067']",65â‚¬
24391887,Lujoso apartamento soleado en el sur de Tenerife,https://www.airbnb.es/rooms/24391887?adults=2&children=0&infants=0&check_in=2022-05-24&check_out=2022-05-31&federated_search_id=3d9e4404-c33a-42a4-856b-563717eb7239&source_impression_id=p3_1646401177_OxW9lP%2FFzPUKNTGM,4 huÃ©spedes Â· 2 dormitorios Â· 4 camas Â· 1 baÃ±o,"['28.12257,-16.77334']",50â‚¬
22703919,Bonito duplex 3BD con piscina climatizada,https://www.airbnb.es/rooms/22703919?adults=2&children=0&infants=0&check_in=2022-05-13&check_out=2022-05-20&federated_search_id=5791ddc9-26a4-42b3-9250-ef5f8ebdc103&source_impression_id=p3_1646401395_UnQdGaBSOSH9Pe6H,7 huÃ©spedes Â· 3 dormitorios Â· 5 camas Â· 2 baÃ±os,"['28.12253,-16.77113']",78â‚¬
37513941,Apartamento con vistas al mar en Club ParaÃ­so,https://www.airbnb.es/rooms/37513941?adults=2&children=0&infants=0&check_in=2022-05-05&check_out=2022-05-12&federated_search_id=3d9e4404-c33a-42a4-856b-563717eb7239&source_impression_id=p3_1646401201_zRbeQcCn5K7GVLY7,4 huÃ©spedes Â· 1 dormitorio Â· 2 camas Â· 1 baÃ±o,"['28.12108,-16.77631']",51â‚¬
42551619,Un pequeÃ±o paraÃ­so,https://www.airbnb.es/rooms/42551619?adults=2&children=0&infants=0&check_in=2022-05-10&check_out=2022-05-17&federated_search_id=3d9e4404-c33a-42a4-856b-563717eb7239&source_impression_id=p3_1646401212_JSS%2BG6eJ0rV1MuR0,5 huÃ©spedes Â· 2 dormitorios Â· 5 camas Â· 2 baÃ±os,"['28.12182,-16.77218']",48â‚¬
25202457,"Espacios Blanco Paradise 3: dÃºplex, vistas al mar!",https://www.airbnb.es/rooms/25202457?adults=2&children=0&infants=0&check_in=2022-05-18&check_out=2022-05-25&federated_search_id=5791ddc9-26a4-42b3-9250-ef5f8ebdc103&source_impression_id=p3_1646401430_6lM%2FFokbiUXMvef1,4 huÃ©spedes Â· 2 dormitorios Â· 2 camas Â· 2 baÃ±os,"['28.12267,-16.770']",104â‚¬
5439437?,Estudio con vistas al mar. Wifi,https://www.airbnb.es/rooms/5439437?adults=2&children=0&infants=0&check_in=2022-05-16&check_out=2022-05-23&federated_search_id=3d9e4404-c33a-42a4-856b-563717eb7239&source_impression_id=p3_1646401236_WUU9hlmzdSaOe1%2Bn,2 huÃ©spedes Â· Estudio Â· 1 cama Â· 1 baÃ±o,"['28.12184,-16.77607']",43â‚¬
45614063,APARTAMENTO RESIDENCIAL PARAÃSO CON PISCINA,https://www.airbnb.es/rooms/45614063?adults=2&children=0&infants=0&check_in=2022-05-03&check_out=2022-05-10&federated_search_id=3d9e4404-c33a-42a4-856b-563717eb7239&source_impression_id=p3_1646401247_di%2Fq5yYuik6EDrQU,5 huÃ©spedes Â· 2 dormitorios Â· 3 camas Â· 1 baÃ±o,"['28.12309,-16.77135']",75â‚¬ 
45285049,"Acogedor apartamento cerca de una playa, piscina climatizada, aparcamiento.",https://www.airbnb.es/rooms/45285049?adults=2&children=0&infants=0&check_in=2022-05-02&check_out=2022-05-09&federated_search_id=3d9e4404-c33a-42a4-856b-563717eb7239&source_impression_id=p3_1646401259_D7KVDiEOa9b5lLjg,4 huÃ©spedes Â· 2 dormitorios Â· 3 camas Â· 2 baÃ±os,"['28.12258,-16.77297']",58â‚¬
46101727,Encantador estudio en Playa ParaÃ­so - TENESOL RENTALS,https://www.airbnb.es/rooms/46101727?adults=2&children=0&infants=0&check_in=2022-05-27&check_out=2022-06-03&federated_search_id=3d9e4404-c33a-42a4-856b-563717eb7239&source_impression_id=p3_1646401271_pvEyHEj8cjUs3ZME,2 huÃ©spedes Â· Estudio Â· 1 cama Â· 1 baÃ±o,"['28.12142,-16.76939']",58â‚¬
12401222,"ADEJE, APARTAMENTO DE LUJO.",https://www.airbnb.es/rooms/12401222?adults=2&children=0&infants=0&check_in=2022-05-22&check_out=2022-05-29&federated_search_id=0c2942cd-dbb0-4fb9-b308-b1c3e0bf486d&source_impression_id=p3_1646402042_bI%2BAe8gFSkj5JSte,3 huÃ©spedes Â· 1 dormitorio Â· 1 cama Â· 1 baÃ±o,"['28.12046,-16.770']",75â‚¬
41162830,"1413 Apartamento panorÃ¡mico de 1 dormitorio, vista al mar",https://www.airbnb.es/rooms/41162830?adults=2&children=0&infants=0&check_in=2022-05-26&check_out=2022-06-02&federated_search_id=b1e2e753-1ea5-42ad-bc1c-164cc35af90d&source_impression_id=p3_1646401604_vPOPsKBYWQm2u1oW,4 huÃ©spedes Â· 1 dormitorio Â· 2 camas Â· 0 baÃ±os,"['28.12176,-16.776']",57â‚¬
50607154,APARTAMENTO PARAISO DEL SUR,https://www.airbnb.es/rooms/50607154?adults=2&children=0&infants=0&check_in=2022-05-31&check_out=2022-06-07&federated_search_id=3d9e4404-c33a-42a4-856b-563717eb7239&source_impression_id=p3_1646401307_G%2FTqs40UeYz%2Bypis,4 huÃ©spedes Â· Estudio Â· 1 cama Â· 1 baÃ±o,"['28.12155,-16.77712']",40â‚¬
36404092,Acogedor apartamento en Playa Paraiso,https://www.airbnb.es/rooms/36404092?adults=2&children=0&infants=0&check_in=2022-05-30&check_out=2022-06-06&federated_search_id=3d9e4404-c33a-42a4-856b-563717eb7239&source_impression_id=p3_1646401318_wkBn5cNPcMKicY9u,4 huÃ©spedes Â· 1 dormitorio Â· 2 camas Â· 1 baÃ±o,"['28.12163,-16.77226']",50â‚¬ 
10200963,Great 2BD duplex with heated pool.,https://www.airbnb.es/rooms/10200963?adults=2&children=0&infants=0&check_in=2022-05-31&check_out=2022-06-07&federated_search_id=5791ddc9-26a4-42b3-9250-ef5f8ebdc103&source_impression_id=p3_1646401337_6MiUN18VtBuKDERD,6 huÃ©spedes Â· 2 dormitorios Â· 5 camas Â· 2 baÃ±os,[],77â‚¬
17171584,Apartamento DBL Paradise,https://www.airbnb.es/rooms/17171584?adults=2&children=0&infants=0&check_in=2022-05-17&check_out=2022-05-24&federated_search_id=5791ddc9-26a4-42b3-9250-ef5f8ebdc103&source_impression_id=p3_1646401348_pOfvAe2zH14u6lG5,4 huÃ©spedes Â· 1 dormitorio Â· 2 camas Â· 1 baÃ±o,"['28.12316,-16.77704']",40â‚¬
16483734,"Estudio en Playa Paraiso, Adeje, Teneriffe",https://www.airbnb.es/rooms/16483734?adults=2&children=0&infants=0&check_in=2022-05-20&check_out=2022-05-27&federated_search_id=5791ddc9-26a4-42b3-9250-ef5f8ebdc103&source_impression_id=p3_1646401360_ovDoVxlYJztEK9XP,2 huÃ©spedes Â· Estudio Â· 2 camas Â· 1 baÃ±o,"['28.12186,-16.77534']",35â‚¬
38457360,"Moderno apartamento de 2 dormitorios, vistas laterales al mar, piscina y WiFi",https://www.airbnb.es/rooms/38457360?adults=2&children=0&infants=0&check_in=2022-05-15&check_out=2022-05-22&federated_search_id=5791ddc9-26a4-42b3-9250-ef5f8ebdc103&source_impression_id=p3_1646401407_5FksoIY7R64UwLyD,5 huÃ©spedes Â· 2 dormitorios Â· 3 camas Â· 1 baÃ±o,"['28.12062,-16.77374']",59â‚¬
30721761,"Apartamento lujo, wifi, piscina climatizada.",https://www.airbnb.es/rooms/30721761?adults=2&children=0&infants=0&check_in=2022-05-18&check_out=2022-05-25&federated_search_id=5791ddc9-26a4-42b3-9250-ef5f8ebdc103&source_impression_id=p3_1646401419_5waNYtO%2BidVYqWbd,6 huÃ©spedes Â· 2 dormitorios Â· 3 camas Â· 2 baÃ±os,"['28.12247,-16.76969']",80â‚¬
34150012,DiseÃ±o moderno-Terraza 32mÂ² - Piscina climatizada,https://www.airbnb.es/rooms/34150012?adults=2&children=0&infants=0&check_in=2022-05-19&check_out=2022-05-26&federated_search_id=5791ddc9-26a4-42b3-9250-ef5f8ebdc103&source_impression_id=p3_1646401442_PAV3IimuUbqC5WGY,5 huÃ©spedes Â· 2 dormitorios Â· 3 camas Â· 2 baÃ±os,"['28.12277,-16.774']",85â‚¬
24614867,"Espacios Blanco Paradise 5: Sol, relax y terraza!",https://www.airbnb.es/rooms/24614867?adults=2&children=0&infants=0&check_in=2022-05-11&check_out=2022-05-18&federated_search_id=5791ddc9-26a4-42b3-9250-ef5f8ebdc103&source_impression_id=p3_1646401454_Dk7vXSVjwgbFxlyD,5 huÃ©spedes Â· 2 dormitorios Â· 2 camas Â· 1 baÃ±o,"['28.12133,-16.77081']",88â‚¬
16865042,Espectacular dÃºplex con vista al mar y 2 terrazas,https://www.airbnb.es/rooms/16865042?adults=2&children=0&infants=0&check_in=2022-05-13&check_out=2022-05-20&federated_search_id=5791ddc9-26a4-42b3-9250-ef5f8ebdc103&source_impression_id=p3_1646401466_eOh9T2HEM%2FPPwQ41,6 huÃ©spedes Â· 2 dormitorios Â· 4 camas Â· 2 baÃ±os,"['28.11933,-16.77172']",133â‚¬ 
49394652,â­ Paradise Beach Beautiful Apartment â­,https://www.airbnb.es/rooms/49394652?adults=2&children=0&infants=0&check_in=2022-05-03&check_out=2022-05-10&federated_search_id=0c2942cd-dbb0-4fb9-b308-b1c3e0bf486d&source_impression_id=p3_1646402007_c%2F%2BTleCLqx3Hv4Ij,4 huÃ©spedes Â· 2 dormitorios Â· 3 camas Â· 1 baÃ±o,"['28.12259,-16.77041']",85â‚¬ 
22085356,El paraÃ­so del sur,https://www.airbnb.es/rooms/22085356?adults=2&children=0&infants=0&check_in=2022-05-18&check_out=2022-05-25&federated_search_id=5791ddc9-26a4-42b3-9250-ef5f8ebdc103&source_impression_id=p3_1646401490_UVa4NjhPwoLeZVOm,4 huÃ©spedes Â· 1 dormitorio Â· 2 camas Â· 1 baÃ±o,"['28.1225,-16.7755']",50â‚¬
9706119?,Bonita villa para 6 personas con clima y wifi 1,https://www.airbnb.es/rooms/9706119?adults=2&children=0&infants=0&check_in=2022-05-20&check_out=2022-05-27&federated_search_id=5791ddc9-26a4-42b3-9250-ef5f8ebdc103&source_impression_id=p3_1646401502_4UtazT%2BKmwUwMFkF,6 huÃ©spedes Â· 3 dormitorios Â· 5 camas Â· 2 baÃ±os,"['28.1216,-16.7693']",73â‚¬
51999504,"Gran Apartamento en Sol Paraiso , Wiffi y Parking",https://www.airbnb.es/rooms/51999504?adults=2&children=0&infants=0&check_in=2022-05-28&check_out=2022-06-04&federated_search_id=5791ddc9-26a4-42b3-9250-ef5f8ebdc103&source_impression_id=p3_1646401514_Ko0sYppbeSufD250,"4 huÃ©spedes Â· 2 dormitorios Â· 2 camas Â· 1,5 baÃ±os","['28.12239,-16.77493']",75â‚¬ 
2557764?,Estudio con vistas al mar,https://www.airbnb.es/rooms/2557764?adults=2&children=0&infants=0&check_in=2022-05-20&check_out=2022-05-27&federated_search_id=5791ddc9-26a4-42b3-9250-ef5f8ebdc103&source_impression_id=p3_1646401526_pV6BwA1XFw9dCjru,2 huÃ©spedes Â· Estudio Â· 3 camas Â· 1 baÃ±o,"['28.12258,-16.77615']",44â‚¬
40438679,Ocean house & perfect for you,https://www.airbnb.es/rooms/40438679?adults=2&children=0&infants=0&check_in=2022-05-27&check_out=2022-06-03&federated_search_id=5791ddc9-26a4-42b3-9250-ef5f8ebdc103&source_impression_id=p3_1646401538_lbAXdLYtKGhp45kU,4 huÃ©spedes Â· 1 dormitorio Â· 3 camas Â· 1 baÃ±o,"['28.12251,-16.773']",58â‚¬
8739240?,Fantastic 3 bedroom apartment in Adeje,https://www.airbnb.es/rooms/8739240?adults=2&children=0&infants=0&check_in=2022-05-31&check_out=2022-06-07&federated_search_id=b1e2e753-1ea5-42ad-bc1c-164cc35af90d&source_impression_id=p3_1646401759_w%2Fb0pODd%2BzvPJGVI,6 huÃ©spedes Â· 3 dormitorios Â· 5 camas Â· 2 baÃ±os,"['28.11877,-16.77421']",94â‚¬ 
8918421?,"Villa 3 Hab, piscina climatizada en el Paraiso",https://www.airbnb.es/rooms/8918421?adults=2&children=0&infants=0&check_in=2022-05-21&check_out=2022-05-28&federated_search_id=0c2942cd-dbb0-4fb9-b308-b1c3e0bf486d&source_impression_id=p3_1646401923_DjcQUO5b7av88V1x,6 huÃ©spedes Â· 3 dormitorios Â· 5 camas Â· 2 baÃ±os,"['28.1212,-16.7691']",73â‚¬
17182330,"Precioso apartamento en Costa Adeje, Tenerife.",https://www.airbnb.es/rooms/17182330?adults=2&children=0&infants=0&check_in=2022-05-20&check_out=2022-05-27&federated_search_id=0c2942cd-dbb0-4fb9-b308-b1c3e0bf486d&source_impression_id=p3_1646401959_l7WGOpVJtOBvCRrh,4 huÃ©spedes Â· 2 dormitorios Â· 4 camas Â· 1 baÃ±o,"['28.1212,-16.7710']",79â‚¬
9038128?,Estudio con vistas impresionantes,https://www.airbnb.es/rooms/9038128?adults=2&children=0&infants=0&check_in=2022-05-06&check_out=2022-05-13&federated_search_id=b1e2e753-1ea5-42ad-bc1c-164cc35af90d&source_impression_id=p3_1646401592_gk7HvXvqLmHX5a7u,4 huÃ©spedes Â· Estudio Â· 2 camas Â· 1 baÃ±o,"['28.12268,-16.77676']",50â‚¬
38318475,Apartamento frente a la playa en Playa ParaÃ­so,https://www.airbnb.es/rooms/38318475?adults=2&children=0&infants=0&check_in=2022-05-25&check_out=2022-06-01&federated_search_id=0c2942cd-dbb0-4fb9-b308-b1c3e0bf486d&source_impression_id=p3_1646401838_7uO%2FJVpvRWBlj99p,4 huÃ©spedes Â· 1 dormitorio Â· 2 camas Â· 1 baÃ±o,[],57â‚¬
31069794,Excellence in your vacation stars with the details,https://www.airbnb.es/rooms/31069794?adults=2&children=0&infants=0&check_in=2022-05-02&check_out=2022-05-09&federated_search_id=b1e2e753-1ea5-42ad-bc1c-164cc35af90d&source_impression_id=p3_1646401628_CBKGC3x9Am0%2B3L2o,2 huÃ©spedes Â· 1 dormitorio Â· 2 camas Â· 1 baÃ±o,"['28.12116,-16.77548']",70â‚¬ 
8727788?,3BD with heated pool,https://www.airbnb.es/rooms/8727788?adults=2&children=0&infants=0&check_in=2022-05-12&check_out=2022-05-19&federated_search_id=b1e2e753-1ea5-42ad-bc1c-164cc35af90d&source_impression_id=p3_1646401639_BAHTWjt56ySQ3x7V,6 huÃ©spedes Â· 3 dormitorios Â· 5 camas Â· 2 baÃ±os,"['28.1214,-16.7689']",73â‚¬
33748233,Paraiso familiar Premium,https://www.airbnb.es/rooms/33748233?adults=2&children=0&infants=0&check_in=2022-05-03&check_out=2022-05-10&federated_search_id=3f8e05a3-9a66-4679-bad8-c2d2dcf02f24&source_impression_id=p3_1646402592_ySvyZJEQaZ8xS9mi,"4 huÃ©spedes Â· 1 dormitorio Â· 3 camas Â· 1,5 baÃ±os",[],48â‚¬
31486984,Apartamento en alquiler en Playa ParaÃ­so,https://www.airbnb.es/rooms/31486984?adults=2&children=0&infants=0&check_in=2022-05-03&check_out=2022-05-10&federated_search_id=b1e2e753-1ea5-42ad-bc1c-164cc35af90d&source_impression_id=p3_1646401663_T%2FgfYCO9C5400xNl,"4 huÃ©spedes Â· 1 dormitorio Â· 2 camas Â· 1,5 baÃ±os","['28.12072,-16.77091']",45â‚¬
32913197,Super-view-Penthouse en Playa ParaÃ­so Adeje,https://www.airbnb.es/rooms/32913197?adults=2&children=0&infants=0&check_in=2022-05-09&check_out=2022-05-16&federated_search_id=0c2942cd-dbb0-4fb9-b308-b1c3e0bf486d&source_impression_id=p3_1646401995_BuQLmJwPB%2BUg%2FuvK,4 huÃ©spedes Â· 2 dormitorios Â· 2 camas Â· 2 baÃ±os,"['28.12349,-16.77462']",214â‚¬
51161467,Junior Suite Adeje Paradise with heated Pool,https://www.airbnb.es/rooms/51161467?adults=2&children=0&infants=0&check_in=2022-05-16&check_out=2022-05-23&federated_search_id=b1e2e753-1ea5-42ad-bc1c-164cc35af90d&source_impression_id=p3_1646401687_KopIG1s7u9xsN5XB,4 huÃ©spedes Â· 1 dormitorio Â· 1 baÃ±o,"['28.12037,-16.77026']",101â‚¬ 
52430901,Piscina climatizada de 2 dormitorios con vistas al mar y de alto confort/nueva â¤,https://www.airbnb.es/rooms/52430901?adults=2&children=0&infants=0&check_in=2022-05-06&check_out=2022-05-13&federated_search_id=b1e2e753-1ea5-42ad-bc1c-164cc35af90d&source_impression_id=p3_1646401711_8Druwj7008lIbYBX,4 huÃ©spedes Â· 2 dormitorios Â· 2 camas Â· 2 baÃ±os,"['28.12143,-16.77133']",109â‚¬
48465511,Adeje PlayaParaiso Nuevo apartamento 2 dormitorios,https://www.airbnb.es/rooms/48465511?adults=2&children=0&infants=0&check_in=2022-05-07&check_out=2022-05-14&federated_search_id=b1e2e753-1ea5-42ad-bc1c-164cc35af90d&source_impression_id=p3_1646401723_00nOo%2FZGK%2F0ckDhW,4 huÃ©spedes Â· 2 dormitorios Â· 2 camas Â· 2 baÃ±os,"['28.12062,-16.76832']",79â‚¬
22685940,Apartamento en Playa ParaÃ­so - Res. Sol Paraiso.,https://www.airbnb.es/rooms/22685940?adults=2&children=0&infants=0&check_in=2022-05-09&check_out=2022-05-16&federated_search_id=b1e2e753-1ea5-42ad-bc1c-164cc35af90d&source_impression_id=p3_1646401735_aC6QxQFN%2FT0Yso%2F0,4 huÃ©spedes Â· 2 dormitorios Â· 3 camas Â· 1 baÃ±o,"['28.1228,-16.7736']",70â‚¬ 
35940143,"Espacios Blanco Paradise 6: relax, sol y terraza!",https://www.airbnb.es/rooms/35940143?adults=2&children=0&infants=0&check_in=2022-05-08&check_out=2022-05-15&federated_search_id=0c2942cd-dbb0-4fb9-b308-b1c3e0bf486d&source_impression_id=p3_1646401827_txNGNce88Rei4SE3,5 huÃ©spedes Â· 2 dormitorios Â· 2 camas Â· 1 baÃ±o,"['28.1205,-16.7698']",88â‚¬
33626453,"Playa a 600m, Terraza con vista al mar, Piscina",https://www.airbnb.es/rooms/33626453?adults=2&children=0&infants=0&check_in=2022-05-19&check_out=2022-05-26&federated_search_id=0c2942cd-dbb0-4fb9-b308-b1c3e0bf486d&source_impression_id=p3_1646401851_9i6U5Cs9EmjopQ9c,6 huÃ©spedes Â· 2 dormitorios Â· 4 camas Â· 1 baÃ±o,"['28.1228,-16.7737']",60â‚¬
48604509,Apartamento con balcon y piscinas a Playa Paraiso,https://www.airbnb.es/rooms/48604509?adults=2&children=0&infants=0&check_in=2022-05-02&check_out=2022-05-09&federated_search_id=b1e2e753-1ea5-42ad-bc1c-164cc35af90d&source_impression_id=p3_1646401783_Ybrrw130aMFCNfYS,4 huÃ©spedes Â· 1 dormitorio Â· 1 cama Â· 1 baÃ±o,"['28.12348,-16.77444']",43â‚¬
38737295,ESPECTACULAR Y LUJOSO APARTAMENTO 601 EN EL COMPLEJO OCEAN GARDEN,https://www.airbnb.es/rooms/38737295?adults=2&children=0&infants=0&check_in=2022-05-01&check_out=2022-05-08&federated_search_id=b1e2e753-1ea5-42ad-bc1c-164cc35af90d&source_impression_id=p3_1646401795_mhMK9D7DUOfbraUM,4 huÃ©spedes Â· 1 dormitorio Â· 2 camas Â· 1 baÃ±o,[],106â‚¬ 
11984192,Precioso y moderno apartamento.,https://www.airbnb.es/rooms/11984192?adults=2&children=0&infants=0&check_in=2022-05-28&check_out=2022-06-04&federated_search_id=3f8e05a3-9a66-4679-bad8-c2d2dcf02f24&source_impression_id=p3_1646402640_d6MLaf81L54caHgR,"4 huÃ©spedes Â· 2 dormitorios Â· 4 camas Â· 1,5 baÃ±os","['28.12025,-16.770']",110â‚¬
3836742?,Apartamento con la vista panorÃ¡mica,https://www.airbnb.es/rooms/3836742?adults=2&children=0&infants=0&check_in=2022-05-20&check_out=2022-05-27&federated_search_id=0ec1746e-9a08-4290-8a0d-2f98a74e960c&source_impression_id=p3_1646402166_zKeLxFb0qtAqARt1,3 huÃ©spedes Â· 1 dormitorio Â· 1 cama Â· 1 baÃ±o,"['28.12229,-16.77517']",50â‚¬
11036127,"Ğ¢Ğ¸Ñ…Ğ¾, ÑˆÑƒĞ¼ Ğ¼Ğ¾Ñ€Ñ, Wi-Fi, 100 m Ğ¾ĞºĞµĞ°Ğ½",https://www.airbnb.es/rooms/11036127?adults=2&children=0&infants=0&check_in=2022-05-11&check_out=2022-05-18&federated_search_id=0c2942cd-dbb0-4fb9-b308-b1c3e0bf486d&source_impression_id=p3_1646401875_7yT61XFdkVJE1%2F6w,3 huÃ©spedes Â· Estudio Â· 1 cama Â· 1 baÃ±o,"['28.12275,-16.77524']",44â‚¬
33901763,"Apartamento de 2 dormitorios, 3 piscinas, gran terraza, vistas al mar",https://www.airbnb.es/rooms/33901763?adults=2&children=0&infants=0&check_in=2022-05-25&check_out=2022-06-01&federated_search_id=6782d606-60d4-4a58-9375-983d96247f9b&source_impression_id=p3_1646402316_6L%2B6wIuegpFiP48A,6 huÃ©spedes Â· 2 dormitorios Â· 4 camas Â· 2 baÃ±os,[],70â‚¬
32740222,Studio Playa Paraiso - Gio's,https://www.airbnb.es/rooms/32740222?adults=2&children=0&infants=0&check_in=2022-05-09&check_out=2022-05-16&federated_search_id=6782d606-60d4-4a58-9375-983d96247f9b&source_impression_id=p3_1646402527_XxIGJw94YHiv0BrL,3 huÃ©spedes Â· Estudio Â· 1 cama Â· 1 baÃ±o,"['28.12362,-16.77552']",50â‚¬
45477561,112 SEA VIEW PARAISO II by SUNKEYRENTS,https://www.airbnb.es/rooms/45477561?adults=2&children=0&infants=0&check_in=2022-05-04&check_out=2022-05-11&federated_search_id=0c2942cd-dbb0-4fb9-b308-b1c3e0bf486d&source_impression_id=p3_1646401911_%2B%2FyInkzKYJIh8mzf,4 huÃ©spedes Â· 2 dormitorios Â· 3 camas Â· 1 baÃ±o,"['28.12049,-16.77024']",75â‚¬
56485832,121 PARAISO DEL SUR PERFECT STAY By SUNKEYRENTS,https://www.airbnb.es/rooms/564858329603079373?adults=2&children=0&infants=0&check_in=2022-05-05&check_out=2022-05-12&federated_search_id=0c2942cd-dbb0-4fb9-b308-b1c3e0bf486d&source_impression_id=p3_1646401935_x%2FrIL1dLLq%2FN3tcL,2 huÃ©spedes Â· 1 dormitorio Â· 1 cama Â· 1 baÃ±o,"['28.12205,-16.77006']",63â‚¬
44910561,Ocean Garden SS FREE WIFI,https://www.airbnb.es/rooms/44910561?adults=2&children=0&infants=0&check_in=2022-05-18&check_out=2022-05-25&federated_search_id=0c2942cd-dbb0-4fb9-b308-b1c3e0bf486d&source_impression_id=p3_1646401947_7Q6aIPSx27g4Wtq4,4 huÃ©spedes Â· 2 dormitorios Â· 3 camas Â· 2 baÃ±os,"['28.12281,-16.77273']",75â‚¬
27961198,1204 SPECTACULAR VIEW! STUDIO Refurbished New,https://www.airbnb.es/rooms/27961198?adults=2&children=0&infants=0&check_in=2022-05-04&check_out=2022-05-11&federated_search_id=0c2942cd-dbb0-4fb9-b308-b1c3e0bf486d&source_impression_id=p3_1646401971_Lnh9gEFhXkZAjyEE,3 huÃ©spedes Â· Estudio Â· 2 camas Â· 1 baÃ±o,"['28.12133,-16.77578']",68â‚¬
22710566,Nice vila for 6 with clima & wifi 6,https://www.airbnb.es/rooms/22710566?adults=2&children=0&infants=0&check_in=2022-05-11&check_out=2022-05-18&federated_search_id=0c2942cd-dbb0-4fb9-b308-b1c3e0bf486d&source_impression_id=p3_1646401983_eAZsz21X9U7NCoRz,6 huÃ©spedes Â· 3 dormitorios Â· 5 camas Â· 2 baÃ±os,"['28.12122,-16.770']",73â‚¬
53471486,Hermoso complejo Ocean Garden,https://www.airbnb.es/rooms/53471486?adults=2&children=0&infants=0&check_in=2022-05-13&check_out=2022-05-20&federated_search_id=0c2942cd-dbb0-4fb9-b308-b1c3e0bf486d&source_impression_id=p3_1646402019_kgJBctaeGvAzYwh2,4 huÃ©spedes Â· 2 dormitorios Â· 4 camas Â· 3 baÃ±os,"['28.12323,-16.77291']",60â‚¬
27272688,ADEJE PARADISE FantÃ¡stico Apartamento,https://www.airbnb.es/rooms/27272688?adults=2&children=0&infants=0&check_in=2022-05-20&check_out=2022-05-27&federated_search_id=0c2942cd-dbb0-4fb9-b308-b1c3e0bf486d&source_impression_id=p3_1646402030_zmEleAx0Ko4XiG7r,4 huÃ©spedes Â· 2 dormitorios Â· 2 camas Â· 2 baÃ±os,"['28.12068,-16.76961']",89â‚¬
30975996,Apartamento con vista al mar en Playa ParaÃ­so,https://www.airbnb.es/rooms/30975996?adults=2&children=0&infants=0&check_in=2022-05-27&check_out=2022-06-03&federated_search_id=0c2942cd-dbb0-4fb9-b308-b1c3e0bf486d&source_impression_id=p3_1646402054_OcK5fYb9qjscgj%2Bs,4 huÃ©spedes Â· 1 dormitorio Â· 1 cama Â· 1 baÃ±o,"['28.12209,-16.77073']",57â‚¬
52873729,EXCLUSIVE APARTMENT ADEJE PARADISE - PLAYA PARAISO,https://www.airbnb.es/rooms/52873729?adults=2&children=0&infants=0&check_in=2022-05-26&check_out=2022-06-02&federated_search_id=0ec1746e-9a08-4290-8a0d-2f98a74e960c&source_impression_id=p3_1646402072_wp%2FffoMpMvq2Djol,6 huÃ©spedes Â· 3 dormitorios Â· 5 camas Â· 2 baÃ±os,"['28.12014,-16.77029']",126â‚¬
18608730,Apartamento Adeje Playa ParaÃ­so + (childrenfurnitur),https://www.airbnb.es/rooms/18608730?adults=2&children=0&infants=0&check_in=2022-05-04&check_out=2022-05-11&federated_search_id=0ec1746e-9a08-4290-8a0d-2f98a74e960c&source_impression_id=p3_1646402083_8JrxZLFFk4wVRool,4 huÃ©spedes Â· 1 dormitorio Â· 1 cama Â· 1 baÃ±o,"['28.12216,-16.77133']",47â‚¬
40611260,2 dormitorios con vistas al mar en paraÃ­so: ALQUILERES TENESOL,https://www.airbnb.es/rooms/40611260?adults=2&children=0&infants=0&check_in=2022-05-28&check_out=2022-06-04&federated_search_id=0ec1746e-9a08-4290-8a0d-2f98a74e960c&source_impression_id=p3_1646402095_zNb%2B5jEDghfT1EoW,6 huÃ©spedes Â· 2 dormitorios Â· 3 camas Â· 2 baÃ±os,"['28.12205,-16.77203']",75â‚¬
49329294,Home2Book Cozy Apartment Playa Paraiso,https://www.airbnb.es/rooms/49329294?adults=2&children=0&infants=0&check_in=2022-05-08&check_out=2022-05-15&federated_search_id=0ec1746e-9a08-4290-8a0d-2f98a74e960c&source_impression_id=p3_1646402107_Vhmyz2C%2BNl5zOUSa,2 huÃ©spedes Â· 1 dormitorio Â· 1 cama Â· 1 baÃ±o,"['28.12347,-16.77724']",119â‚¬ 
21319107,Apartamento Playa Paraiso Adeje,https://www.airbnb.es/rooms/21319107?adults=2&children=0&infants=0&check_in=2022-05-21&check_out=2022-05-28&federated_search_id=3f8e05a3-9a66-4679-bad8-c2d2dcf02f24&source_impression_id=p3_1646402712_pVr7VGwXLWErNmS9,4 huÃ©spedes Â· 2 dormitorios Â· 2 camas Â· 1 baÃ±o,"['28.12244,-16.77277']",76â‚¬
34193132,"Maravilloso 3 BD, Piscinas y Bar, Seguridad las 24 horas",https://www.airbnb.es/rooms/34193132?adults=2&children=0&infants=0&check_in=2022-05-25&check_out=2022-06-01&federated_search_id=0ec1746e-9a08-4290-8a0d-2f98a74e960c&source_impression_id=p3_1646402131_67gacqBQEPrRhBZP,"6 huÃ©spedes Â· 3 dormitorios Â· 4 camas Â· 2,5 baÃ±os","['28.12059,-16.77096']",129â‚¬
28122862,Ocean Garden FL FREE WIFI,https://www.airbnb.es/rooms/28122862?adults=2&children=0&infants=0&check_in=2022-05-29&check_out=2022-06-05&federated_search_id=0ec1746e-9a08-4290-8a0d-2f98a74e960c&source_impression_id=p3_1646402143_VU6qZz5Yp1lTbcE8,4 huÃ©spedes Â· 2 dormitorios Â· 3 camas Â· 2 baÃ±os,"['28.12228,-16.77236']",81â‚¬
50390061,Vista Paraiso Sur,https://www.airbnb.es/rooms/50390061?adults=2&children=0&infants=0&check_in=2022-05-02&check_out=2022-05-09&federated_search_id=0ec1746e-9a08-4290-8a0d-2f98a74e960c&source_impression_id=p3_1646402155_f4QUCtDrYDydrla5,2 huÃ©spedes Â· Estudio Â· 1 baÃ±o,"['28.12129,-16.779']",50â‚¬
26561909,"Villa Bayona Real, Luxury, Paradise in Costa Adeje",https://www.airbnb.es/rooms/26561909?adults=2&children=0&infants=0&check_in=2022-05-06&check_out=2022-05-13&federated_search_id=0ec1746e-9a08-4290-8a0d-2f98a74e960c&source_impression_id=p3_1646402178_F%2B8KS3Wt2%2FBJMyCR,6 huÃ©spedes Â· 3 dormitorios Â· 4 camas Â· 2 baÃ±os,"['28.12123,-16.76946']",94â‚¬
52335920,Tranquilo apartamento Perfect for You 100 m ocean,https://www.airbnb.es/rooms/52335920?adults=2&children=0&infants=0&check_in=2022-05-07&check_out=2022-05-14&federated_search_id=0ec1746e-9a08-4290-8a0d-2f98a74e960c&source_impression_id=p3_1646402190_GlXzR4metJ7msvJ2,4 huÃ©spedes Â· 2 dormitorios Â· 3 camas Â· 1 baÃ±o,"['28.12164,-16.773']",55â‚¬
54156263,ParaÃ­so del sur,https://www.airbnb.es/rooms/54156263?adults=2&children=0&infants=0&check_in=2022-05-13&check_out=2022-05-20&federated_search_id=0ec1746e-9a08-4290-8a0d-2f98a74e960c&source_impression_id=p3_1646402201_uuC%2BzstVg%2FOD1GR7,3 huÃ©spedes Â· 1 dormitorio Â· 1 cama Â· 1 baÃ±o,"['28.12338,-16.77714']",75â‚¬ 
50907710,Gran apartamento. Primera lÃ­nea!! Enorme terraza,https://www.airbnb.es/rooms/50907710?adults=2&children=0&infants=0&check_in=2022-05-06&check_out=2022-05-13&federated_search_id=85fa1b34-40a7-48d6-89e7-bef639d143d5&source_impression_id=p3_1646403131_Plhu8vxo655CzHsk,6 huÃ©spedes Â· 2 dormitorios Â· 4 camas Â· 2 baÃ±os,"['28.11881,-16.77601']",78â‚¬
34144689,La Casa del CapitÃ¡n - El Puertito Playa Paraiso,https://www.airbnb.es/rooms/34144689?adults=2&children=0&infants=0&check_in=2022-05-09&check_out=2022-05-16&federated_search_id=0ec1746e-9a08-4290-8a0d-2f98a74e960c&source_impression_id=p3_1646402224_g18pYPRSrU41Y3Vy,5 huÃ©spedes Â· 3 dormitorios Â· 3 camas Â· 1 baÃ±o,[],120â‚¬
8918063?,Vila Lux 3BD con piscina climatizada,https://www.airbnb.es/rooms/8918063?adults=2&children=0&infants=0&check_in=2022-05-27&check_out=2022-06-03&federated_search_id=0ec1746e-9a08-4290-8a0d-2f98a74e960c&source_impression_id=p3_1646402236_ng2BGTVrsFnrbVwq,6 huÃ©spedes Â· 3 dormitorios Â· 5 camas Â· 2 baÃ±os,"['28.1212,-16.7696']",74â‚¬
46524762,Bonita casa junto al mar en Playa ParaÃ­so,https://www.airbnb.es/rooms/46524762?adults=2&children=0&infants=0&check_in=2022-05-31&check_out=2022-06-07&federated_search_id=0ec1746e-9a08-4290-8a0d-2f98a74e960c&source_impression_id=p3_1646402248_j7AtV9uIIckt6hoU,"5 huÃ©spedes Â· 3 dormitorios Â· 3 camas Â· 2,5 baÃ±os","['28.12019,-16.76878']",79â‚¬
50693964,Amplio estudio con vista al mar en Paraiso del Sur,https://www.airbnb.es/rooms/50693964?adults=2&children=0&infants=0&check_in=2022-05-27&check_out=2022-06-03&federated_search_id=0ec1746e-9a08-4290-8a0d-2f98a74e960c&source_impression_id=p3_1646402260_jmpVOvvCGcASKNj1,2 huÃ©spedes Â· 1 dormitorio Â· 1 cama Â· 1 baÃ±o,"['28.12165,-16.77725']",75â‚¬ 
18965398,Adosado de 3 dormitorios con jacuzzi y garaje,https://www.airbnb.es/rooms/18965398?adults=2&children=0&infants=0&check_in=2022-05-14&check_out=2022-05-21&federated_search_id=0ec1746e-9a08-4290-8a0d-2f98a74e960c&source_impression_id=p3_1646402272_27aBtwoSvr4eJigL,6 huÃ©spedes Â· 3 dormitorios Â· 8 camas Â· 3 baÃ±os,"['28.12116,-16.77386']",129â‚¬
39626167,"Ambiente tropical artÃ­stico: terraza y piscina climatizada, capacidad para 6 personas",https://www.airbnb.es/rooms/39626167?adults=2&children=0&infants=0&check_in=2022-05-05&check_out=2022-05-12&federated_search_id=0ec1746e-9a08-4290-8a0d-2f98a74e960c&source_impression_id=p3_1646402284_8E2YoChM620%2Bv5Nb,6 huÃ©spedes Â· 3 dormitorios Â· 3 camas Â· 2 baÃ±os,"['28.12047,-16.77129']",118â‚¬ 
35861442,Apartamento muy bonito en residencia tropical,https://www.airbnb.es/rooms/35861442?adults=2&children=0&infants=0&check_in=2022-05-29&check_out=2022-06-05&federated_search_id=0ec1746e-9a08-4290-8a0d-2f98a74e960c&source_impression_id=p3_1646402296_FemC4mbiHCKarFwv,6 huÃ©spedes Â· 3 dormitorios Â· 4 camas Â· 2 baÃ±os,"['28.12078,-16.76937']",100â‚¬
55287158,Beautiful comfy apartment with pool and garage.,https://www.airbnb.es/rooms/552871582924700998?adults=2&children=0&infants=0&check_in=2022-05-20&check_out=2022-05-27&federated_search_id=6782d606-60d4-4a58-9375-983d96247f9b&source_impression_id=p3_1646402327_qGFE3N09VojoIcl0,4 huÃ©spedes Â· 2 dormitorios Â· 3 camas Â· 2 baÃ±os,"['28.12331,-16.77094']",89â‚¬
53544623,Apartamento Sun Paradise,https://www.airbnb.es/rooms/53544623?adults=2&children=0&infants=0&check_in=2022-05-10&check_out=2022-05-17&federated_search_id=6782d606-60d4-4a58-9375-983d96247f9b&source_impression_id=p3_1646402339_5B8c%2BLvFaQA3rFQy,3 huÃ©spedes Â· 1 dormitorio Â· 2 camas Â· 1 baÃ±o,"['28.1223,-16.7751']",63â‚¬
28100405,"Lujo total, jacuzzi, gran terraza, vista al mar",https://www.airbnb.es/rooms/28100405?adults=2&children=0&infants=0&check_in=2022-05-10&check_out=2022-05-17&federated_search_id=3f8e05a3-9a66-4679-bad8-c2d2dcf02f24&source_impression_id=p3_1646402616_pF%2FD53esJYm%2B2oQe,6 huÃ©spedes Â· 3 dormitorios Â· 3 camas Â· 2 baÃ±os,"['28.12055,-16.76965']",208â‚¬
56740532,PRECIOSO APARTAMENTO CON PRISCINA,https://www.airbnb.es/rooms/567405323938500973?adults=2&children=0&infants=0&check_in=2022-05-28&check_out=2022-06-04&federated_search_id=6782d606-60d4-4a58-9375-983d96247f9b&source_impression_id=p3_1646402362_C3Z1AJ2KT1d9iYx7,4 huÃ©spedes Â· 1 dormitorio Â· 1 cama Â· 1 baÃ±o,"['28.12081,-16.77107']",75â‚¬
8670646?,Mejor revisado: vistas al mar 3BD con piscina climatizada,https://www.airbnb.es/rooms/8670646?adults=2&children=0&infants=0&check_in=2022-05-27&check_out=2022-06-03&federated_search_id=6782d606-60d4-4a58-9375-983d96247f9b&source_impression_id=p3_1646402374_pA09ttYKsj%2FgYGo8,6 huÃ©spedes Â· 3 dormitorios Â· 4 camas Â· 2 baÃ±os,[],140â‚¬ 
50882943,HemerasBoutiqueCasas: apartamento a 5min del mar,https://www.airbnb.es/rooms/50882943?adults=2&children=0&infants=0&check_in=2022-05-15&check_out=2022-05-20&federated_search_id=3f8e05a3-9a66-4679-bad8-c2d2dcf02f24&source_impression_id=p3_1646402628_4ux7a%2BYCg7CSK%2FLL,6 huÃ©spedes Â· 2 dormitorios Â· 3 camas Â· 1 baÃ±o,"['28.12244,-16.773']",67â‚¬
45522290,Encantador apartamento en residencia - Ocean Garden,https://www.airbnb.es/rooms/45522290?adults=2&children=0&infants=0&check_in=2022-05-11&check_out=2022-05-18&federated_search_id=3f8e05a3-9a66-4679-bad8-c2d2dcf02f24&source_impression_id=p3_1646402604_gNfOCepo4BfzhWJu,"5 huÃ©spedes Â· 2 dormitorios Â· 2 camas Â· 2,5 baÃ±os","['28.12243,-16.77366']",80â‚¬
44927657,Home2Book Paradise Ocean View,https://www.airbnb.es/rooms/44927657?adults=2&children=0&infants=0&check_in=2022-05-25&check_out=2022-06-01&federated_search_id=6782d606-60d4-4a58-9375-983d96247f9b&source_impression_id=p3_1646402409_ww1Nw55KT56Jg2hb,3 huÃ©spedes Â· 1 dormitorio Â· 1 cama Â· 1 baÃ±o,"['28.12302,-16.77522']",124â‚¬ 
49871215,Suite Adeje Paradise with private jacuzzi,https://www.airbnb.es/rooms/49871215?adults=2&children=0&infants=0&check_in=2022-05-19&check_out=2022-05-26&federated_search_id=6782d606-60d4-4a58-9375-983d96247f9b&source_impression_id=p3_1646402421_8poYUUhWnPPQbjSx,6 huÃ©spedes Â· 3 dormitorios Â· 3 camas Â· 2 baÃ±os,"['28.12208,-16.77161']",174â‚¬
51997260,"Espectacular Piso Rcial Sol Parais, playa Paraiso",https://www.airbnb.es/rooms/51997260?adults=2&children=0&infants=0&check_in=2022-05-06&check_out=2022-05-13&federated_search_id=6782d606-60d4-4a58-9375-983d96247f9b&source_impression_id=p3_1646402433_U69aHm%2F2bqoUUevK,4 huÃ©spedes Â· 2 dormitorios Â· 2 camas Â· 1 baÃ±o,"['28.12177,-16.77274']",75â‚¬ 
23105670,DÃºplex 3BD con vistas al ocÃ©ano,https://www.airbnb.es/rooms/23105670?adults=2&children=0&infants=0&check_in=2022-05-26&check_out=2022-06-02&federated_search_id=3f8e05a3-9a66-4679-bad8-c2d2dcf02f24&source_impression_id=p3_1646402771_yyaHKGkO0%2Fl%2FXsC3,6 huÃ©spedes Â· 3 dormitorios Â· 4 camas Â· 3 baÃ±os,"['28.1212,-16.7708']",79â‚¬
47776948,SUNNY ISLAND PARAISO BEACH,https://www.airbnb.es/rooms/47776948?adults=2&children=0&infants=0&check_in=2022-05-31&check_out=2022-06-07&federated_search_id=6782d606-60d4-4a58-9375-983d96247f9b&source_impression_id=p3_1646402456_DzakGMwwBic%2B7icO,4 huÃ©spedes Â· 1 dormitorio Â· 1 cama Â· 1 baÃ±o,"['28.12118,-16.77494']",117â‚¬
52702176,Suite Club Paraiso - Playa Paraiso,https://www.airbnb.es/rooms/52702176?adults=2&children=0&infants=0&check_in=2022-05-02&check_out=2022-05-09&federated_search_id=6782d606-60d4-4a58-9375-983d96247f9b&source_impression_id=p3_1646402468_0E7ZHCb4FOrzEjbD,3 huÃ©spedes Â· 2 dormitorios Â· 2 camas Â· 1 baÃ±o,[],50â‚¬
40218369,Espacios Blanco Paradise: increible vista al mar!,https://www.airbnb.es/rooms/40218369?adults=2&children=0&infants=0&check_in=2022-05-14&check_out=2022-05-21&federated_search_id=6782d606-60d4-4a58-9375-983d96247f9b&source_impression_id=p3_1646402480_s%2F3SXOyqOQJRvw2u,6 huÃ©spedes Â· 2 dormitorios Â· 3 camas Â· 2 baÃ±os,"['28.1228,-16.7706']",104â‚¬
50887325,Stunning View Studio in Paraiso del Sur,https://www.airbnb.es/rooms/50887325?adults=2&children=0&infants=0&check_in=2022-05-16&check_out=2022-05-23&federated_search_id=3f8e05a3-9a66-4679-bad8-c2d2dcf02f24&source_impression_id=p3_1646402569_%2FrR%2BBP63F18AT%2Bk4,2 huÃ©spedes Â· Estudio Â· 1 baÃ±o,"['28.12042,-16.77488']",57â‚¬
43814470,Ocean Garden Suite 10 con jardÃ­n privado,https://www.airbnb.es/rooms/43814470?adults=2&children=0&infants=0&check_in=2022-05-22&check_out=2022-05-29&federated_search_id=85fa1b34-40a7-48d6-89e7-bef639d143d5&source_impression_id=p3_1646403155_99AFBXEH%2FfiLv%2F4Y,4 huÃ©spedes Â· 2 dormitorios Â· 4 camas Â· 2 baÃ±os,"['28.12298,-16.77457']",145â‚¬ 
40363558,"Terraza Ocean Vista: DÃºplex, piscina climatizada, capacidad para 6 personas",https://www.airbnb.es/rooms/40363558?adults=2&children=0&infants=0&check_in=2022-05-28&check_out=2022-06-04&federated_search_id=6782d606-60d4-4a58-9375-983d96247f9b&source_impression_id=p3_1646402515_Lan%2BD8%2B1DAIhbdG%2B,6 huÃ©spedes Â· 3 dormitorios Â· 4 camas Â· 2 baÃ±os,"['28.12021,-16.77218']",125â‚¬
44296775,"Espacios Blanco Paradise 4: vistas, sol y piscina!",https://www.airbnb.es/rooms/44296775?adults=2&children=0&infants=0&check_in=2022-05-24&check_out=2022-05-31&federated_search_id=c38501df-cf02-498e-94c3-1f1a2be3ff55&source_impression_id=p3_1646402982_llVeRXxvTkUzU5mz,6 huÃ©spedes Â· 2 dormitorios Â· 2 camas Â· 2 baÃ±os,[],104â‚¬
53902761,ParaÃ­so I / Playa ParaÃ­so / Costa Adeje,https://www.airbnb.es/rooms/53902761?adults=2&children=0&infants=0&check_in=2022-05-06&check_out=2022-05-13&federated_search_id=3f8e05a3-9a66-4679-bad8-c2d2dcf02f24&source_impression_id=p3_1646402558_23%2FO33%2B8ue%2FaYfLU,5 huÃ©spedes Â· 2 dormitorios Â· 3 camas Â· 1 baÃ±o,"['28.12193,-16.76878']",91â‚¬ 
24685529,Apartamento de diseÃ±o en â€œOcean Gardenâ€ Playa Paraiso,https://www.airbnb.es/rooms/24685529?adults=2&children=0&infants=0&check_in=2022-05-28&check_out=2022-06-04&federated_search_id=3f8e05a3-9a66-4679-bad8-c2d2dcf02f24&source_impression_id=p3_1646402580_CwOm4kK%2BTLnV7doH,"4 huÃ©spedes Â· 2 dormitorios Â· 2 camas Â· 2,5 baÃ±os","['28.12276,-16.77445']",115â‚¬
27248549,OXMAR | ParaÃ­so del Sur 21,https://www.airbnb.es/rooms/27248549?adults=2&children=0&infants=0&check_in=2022-05-20&check_out=2022-05-27&federated_search_id=3f8e05a3-9a66-4679-bad8-c2d2dcf02f24&source_impression_id=p3_1646402653_t3KFXhspPKqBJiH9,4 huÃ©spedes Â· 1 dormitorio Â· 2 camas Â· 1 baÃ±o,"['28.12114,-16.77483']",77â‚¬
27973882,Paraiso II Casa Julia FREE WIFI,https://www.airbnb.es/rooms/27973882?adults=2&children=0&infants=0&check_in=2022-05-29&check_out=2022-06-05&federated_search_id=3f8e05a3-9a66-4679-bad8-c2d2dcf02f24&source_impression_id=p3_1646402665_cbWhEKdADe9sxgVA,"4 huÃ©spedes Â· 2 dormitorios Â· 3 camas Â· 2,5 baÃ±os","['28.12072,-16.77001']",75â‚¬
37387258,OXMAR | ParaÃ­so del Sur Studio 25,https://www.airbnb.es/rooms/37387258?adults=2&children=0&infants=0&check_in=2022-05-06&check_out=2022-05-13&federated_search_id=3f8e05a3-9a66-4679-bad8-c2d2dcf02f24&source_impression_id=p3_1646402676_KvJ7AUu4H0M3azCE,3 huÃ©spedes Â· Estudio Â· 2 camas Â· 1 baÃ±o,"['28.12083,-16.77641']",58â‚¬
22950612,Paraiso II CL FREE WIFI,https://www.airbnb.es/rooms/22950612?adults=2&children=0&infants=0&check_in=2022-05-01&check_out=2022-05-06&federated_search_id=3f8e05a3-9a66-4679-bad8-c2d2dcf02f24&source_impression_id=p3_1646402688_QnxRcog3ajh6td5y,6 huÃ©spedes Â· 2 dormitorios Â· 4 camas Â· 2 baÃ±os,"['28.12066,-16.77165']",69â‚¬
13365877,"Espacios Blanco Paradise 2: dÃºplex, relax, vistas!",https://www.airbnb.es/rooms/13365877?adults=2&children=0&infants=0&check_in=2022-05-12&check_out=2022-05-19&federated_search_id=3f8e05a3-9a66-4679-bad8-c2d2dcf02f24&source_impression_id=p3_1646402700_JRuWo2VZ0DhXdczM,6 huÃ©spedes Â· 2 dormitorios Â· 2 camas Â· 2 baÃ±os,"['28.12065,-16.76981']",104â‚¬
46252090,Ocean Garden suite 003 con jardÃ­n privado,https://www.airbnb.es/rooms/46252090?adults=2&children=0&infants=0&check_in=2022-05-21&check_out=2022-05-28&federated_search_id=3f8e05a3-9a66-4679-bad8-c2d2dcf02f24&source_impression_id=p3_1646402724_zoKZOGedzdKn54TV,4 huÃ©spedes Â· 2 dormitorios Â· 2 camas Â· 2 baÃ±os,"['28.12265,-16.77242']",149â‚¬ 
28195023,APARTAMENTOS MA APARTAMENTO OCEAN PLAYA PARAISO,https://www.airbnb.es/rooms/28195023?adults=2&children=0&infants=0&check_in=2022-05-19&check_out=2022-05-26&federated_search_id=3f8e05a3-9a66-4679-bad8-c2d2dcf02f24&source_impression_id=p3_1646402736_1CQUlEfkZktT0Gfn,6 huÃ©spedes Â· 2 dormitorios Â· 5 camas Â· 2 baÃ±os,"['28.1236,-16.7738']",79â‚¬
32568332,Alicia - Playa ParaÃ­so,https://www.airbnb.es/rooms/32568332?adults=2&children=0&infants=0&check_in=2022-05-07&check_out=2022-05-14&federated_search_id=3f8e05a3-9a66-4679-bad8-c2d2dcf02f24&source_impression_id=p3_1646402748_wMh8UfYIcpwppj5h,3 huÃ©spedes Â· Estudio Â· 2 camas Â· 1 baÃ±o,"['28.12275,-16.77523']",50â‚¬
53697948,"â€œOcean Viewâ€, in Playa ParaÃ­so",https://www.airbnb.es/rooms/53697948?adults=2&children=0&infants=0&check_in=2022-05-30&check_out=2022-06-06&federated_search_id=3f8e05a3-9a66-4679-bad8-c2d2dcf02f24&source_impression_id=p3_1646402759_mpw8I2a8p6Dal2oJ,4 huÃ©spedes Â· 2 dormitorios Â· 2 camas Â· 1 baÃ±o,"['28.1216,-16.7737']",125â‚¬
24221594,OXMAR | ParaÃ­so del Sur 13,https://www.airbnb.es/rooms/24221594?adults=2&children=0&infants=0&check_in=2022-05-23&check_out=2022-05-30&federated_search_id=3f8e05a3-9a66-4679-bad8-c2d2dcf02f24&source_impression_id=p3_1646402783_JqQrnxzsCf0NgeF9,4 huÃ©spedes Â· 1 dormitorio Â· 2 camas Â· 1 baÃ±o,"['28.12073,-16.77518']",69â‚¬
25547272,Hermoso apartamento en el paraÃ­so con piscina climatizada!ğŸŠâ€â™€ï¸,https://www.airbnb.es/rooms/25547272?adults=2&children=0&infants=0&check_in=2022-05-16&check_out=2022-05-23&federated_search_id=c38501df-cf02-498e-94c3-1f1a2be3ff55&source_impression_id=p3_1646402801_%2Bb9a0h79bZOjBbEj,6 huÃ©spedes Â· 3 dormitorios Â· 4 camas Â· 2 baÃ±os,"['28.12076,-16.76929']",167â‚¬
7995727?,LUXURY APARTMENT IN COSTA ADEJE,https://www.airbnb.es/rooms/7995727?adults=2&children=0&infants=0&check_in=2022-05-28&check_out=2022-06-04&federated_search_id=c38501df-cf02-498e-94c3-1f1a2be3ff55&source_impression_id=p3_1646402813_0AvQImV1sFVELQtr,6 huÃ©spedes Â· 3 dormitorios Â· 4 camas Â· 2 baÃ±os,"['28.12056,-16.77009']",85â‚¬
20429080,Paraiso 1 SG FREE WIFI,https://www.airbnb.es/rooms/20429080?adults=2&children=0&infants=0&check_in=2022-05-12&check_out=2022-05-19&federated_search_id=c38501df-cf02-498e-94c3-1f1a2be3ff55&source_impression_id=p3_1646402825_wAqptvN9aRn7q5Ow,4 huÃ©spedes Â· 2 dormitorios Â· 4 camas Â· 2 baÃ±os,"['28.12034,-16.77168']",75â‚¬
51465035,Precioso apartamento en complejo con piscinas,https://www.airbnb.es/rooms/51465035?adults=2&children=0&infants=0&check_in=2022-05-18&check_out=2022-05-25&federated_search_id=c38501df-cf02-498e-94c3-1f1a2be3ff55&source_impression_id=p3_1646402837_s2yHdJQ2KDyDpHlQ,6 huÃ©spedes Â· 2 dormitorios Â· 5 camas Â· 1 baÃ±o,"['28.12073,-16.77001']",80â‚¬
19692644,Sunset Paradise Attic,https://www.airbnb.es/rooms/19692644?adults=2&children=0&infants=0&check_in=2022-05-10&check_out=2022-05-17&federated_search_id=c38501df-cf02-498e-94c3-1f1a2be3ff55&source_impression_id=p3_1646402849_gdDl4jj84Da4XO77,3 huÃ©spedes Â· 1 dormitorio Â· 2 camas Â· 1 baÃ±o,"['28.12309,-16.77538']",90â‚¬ 
38148361,Moderno apartamento de dos dormitorios en Playa ParaÃ­so,https://www.airbnb.es/rooms/38148361?adults=2&children=0&infants=0&check_in=2022-05-09&check_out=2022-05-16&federated_search_id=c38501df-cf02-498e-94c3-1f1a2be3ff55&source_impression_id=p3_1646402862_wyrVlas4Q497yoEJ,6 huÃ©spedes Â· 2 dormitorios Â· 3 camas Â· 1 baÃ±o,"['28.12294,-16.77556']",63â‚¬
39947932,Casa Adosada Lux Vista Mar 3 BD,https://www.airbnb.es/rooms/39947932?adults=2&children=0&infants=0&check_in=2022-05-07&check_out=2022-05-14&federated_search_id=c38501df-cf02-498e-94c3-1f1a2be3ff55&source_impression_id=p3_1646402874_qu9dGHbG7LGypsW2,6 huÃ©spedes Â· 3 dormitorios Â· 3 camas Â· 2 baÃ±os,[],115â‚¬
16398451,OXMAR | PARAÃSO DEL SUR 10,https://www.airbnb.es/rooms/16398451?adults=2&children=0&infants=0&check_in=2022-05-30&check_out=2022-06-06&federated_search_id=c38501df-cf02-498e-94c3-1f1a2be3ff55&source_impression_id=p3_1646402886_unKPGEtfK5xa8UHK,3 huÃ©spedes Â· Estudio Â· 2 camas Â· 1 baÃ±o,"['28.12189,-16.77517']",65â‚¬
49479893,GO2TENERIFE Apart'Manon Duplex con solÃ¡rium,https://www.airbnb.es/rooms/49479893?adults=2&children=0&infants=0&check_in=2022-05-03&check_out=2022-05-10&federated_search_id=c38501df-cf02-498e-94c3-1f1a2be3ff55&source_impression_id=p3_1646402898_77NY66D%2Bk34nsG%2FO,4 huÃ©spedes Â· 2 dormitorios Â· 2 camas Â· 2 baÃ±os,"['28.12198,-16.77156']",109â‚¬
29475480,Piscina paraiso y vistas al mar - TENESOL RENTALS,https://www.airbnb.es/rooms/29475480?adults=2&children=0&infants=0&check_in=2022-05-08&check_out=2022-05-15&federated_search_id=c38501df-cf02-498e-94c3-1f1a2be3ff55&source_impression_id=p3_1646402911_XUEEG98aFcWo0ZfB,6 huÃ©spedes Â· 2 dormitorios Â· 3 camas Â· 2 baÃ±os,"['28.12118,-16.77191']",75â‚¬
31633482,Ocean Garden FS FREE WIFI,https://www.airbnb.es/rooms/31633482?adults=2&children=0&infants=0&check_in=2022-05-01&check_out=2022-05-08&federated_search_id=c38501df-cf02-498e-94c3-1f1a2be3ff55&source_impression_id=p3_1646402922_9x2dshZqeWuqC%2FYX,4 huÃ©spedes Â· 1 dormitorio Â· 2 camas Â· 1 baÃ±o,"['28.12315,-16.772']",81â‚¬
45082898,GO2TENERIFE Apart'Tera 3 Terrazas y 3 Piscinas,https://www.airbnb.es/rooms/45082898?adults=2&children=0&infants=0&check_in=2022-05-08&check_out=2022-05-15&federated_search_id=c38501df-cf02-498e-94c3-1f1a2be3ff55&source_impression_id=p3_1646402935_PUDFnNUUxbgv2j02,6 huÃ©spedes Â· 2 dormitorios Â· 4 camas Â· 2 baÃ±os,"['28.1214,-16.7711']",107â‚¬
43890889,Paraiso II MW FREE WIFI,https://www.airbnb.es/rooms/43890889?adults=2&children=0&infants=0&check_in=2022-05-08&check_out=2022-05-15&federated_search_id=c38501df-cf02-498e-94c3-1f1a2be3ff55&source_impression_id=p3_1646402947_dxkitm9mWt4SIf33,6 huÃ©spedes Â· 2 dormitorios Â· 4 camas Â· 2 baÃ±os,"['28.12029,-16.77231']",87â‚¬
30929323,Paraiso II SS FREE WIFI,https://www.airbnb.es/rooms/30929323?adults=2&children=0&infants=0&check_in=2022-05-28&check_out=2022-06-04&federated_search_id=c38501df-cf02-498e-94c3-1f1a2be3ff55&source_impression_id=p3_1646402959_hL59iZguC2NvF4db,4 huÃ©spedes Â· 2 dormitorios Â· 3 camas Â· 2 baÃ±os,"['28.12132,-16.77082']",81â‚¬
56931685,HabitaciÃ³n con baÃ±o privado,https://www.airbnb.es/rooms/569316850486948424?adults=2&children=0&infants=0&check_in=2022-05-22&check_out=2022-05-29&federated_search_id=c38501df-cf02-498e-94c3-1f1a2be3ff55&source_impression_id=p3_1646402971_1iL%2BMr0Kn8i3FL7I,2 huÃ©spedes Â· 1 dormitorio Â· 2 camas Â· 1 baÃ±o privado,"['28.12335,-16.76989']",50â‚¬ 
47852594,ParaÃ­so del Sur Playa y Teide,https://www.airbnb.es/rooms/47852594?adults=2&children=0&infants=0&check_in=2022-05-01&check_out=2022-05-08&federated_search_id=c38501df-cf02-498e-94c3-1f1a2be3ff55&source_impression_id=p3_1646402994_N6wYpczSl3tgrQ%2Fy,"2 huÃ©spedes Â· 1 dormitorio Â· 1 cama Â· 1,5 baÃ±os","['28.1222,-16.7756']",55â‚¬
45408467,Hermosa Villa en Playa Paraiso con Piscina,https://www.airbnb.es/rooms/45408467?adults=2&children=0&infants=0&check_in=2022-05-01&check_out=2022-05-08&federated_search_id=c38501df-cf02-498e-94c3-1f1a2be3ff55&source_impression_id=p3_1646403006_xLmyfk1egvsOKpnK,6 huÃ©spedes Â· 3 dormitorios Â· 5 camas Â· 3 baÃ±os,"['28.12093,-16.773']",127â‚¬
23119706,Apto en ADEJE para 6 personas - WiFi + Piscina,https://www.airbnb.es/rooms/23119706?adults=2&children=0&infants=0&check_in=2022-05-30&check_out=2022-06-06&federated_search_id=c38501df-cf02-498e-94c3-1f1a2be3ff55&source_impression_id=p3_1646403017_W%2FyXYj0EbqulGwAl,6 huÃ©spedes Â· 3 dormitorios Â· 4 camas Â· 2 baÃ±os,"['28.12239,-16.77152']",170â‚¬ 
8249455?,LUXURY BUNGALOW IN COSTA ADEJE,https://www.airbnb.es/rooms/8249455?adults=2&children=0&infants=0&check_in=2022-05-30&check_out=2022-06-06&federated_search_id=85fa1b34-40a7-48d6-89e7-bef639d143d5&source_impression_id=p3_1646403048_BviAxMQn91nziK7y,6 huÃ©spedes Â· 3 dormitorios Â· 5 camas Â· 2 baÃ±os,"['28.12236,-16.76844']",85â‚¬
18764017,CÃ³modo apartamento de 2 dormitorios en Playa ParaÃ­so,https://www.airbnb.es/rooms/18764017?adults=2&children=0&infants=0&check_in=2022-05-07&check_out=2022-05-14&federated_search_id=85fa1b34-40a7-48d6-89e7-bef639d143d5&source_impression_id=p3_1646403059_WsgiiEWaQMCDzUgh,4 huÃ©spedes Â· 2 dormitorios Â· 3 camas Â· 2 baÃ±os,"['28.12063,-16.77018']",66â‚¬
52374723,"Elegante y cÃ³modo apartamento ""Sea View Playa Paraiso"" en el 7Âº piso con balcÃ³n y vista al mar, piscina, Wi-fi y televisiÃ³n por satÃ©lite",https://www.airbnb.es/rooms/52374723?adults=2&children=0&infants=0&check_in=2022-05-26&check_out=2022-06-02&federated_search_id=85fa1b34-40a7-48d6-89e7-bef639d143d5&source_impression_id=p3_1646403071_6uEIwsGYj3EJrRZM,5 huÃ©spedes Â· 2 dormitorios Â· 4 camas Â· 2 baÃ±os,"['28.12156,-16.77428']",77â‚¬
42525711,ESPECTACULAR Y LUJOSO APARTAMENTO EN EL COMPLEJO OCEAN GARDEN CON VISTA AL MAR,https://www.airbnb.es/rooms/42525711?adults=2&children=0&infants=0&check_in=2022-05-25&check_out=2022-06-01&federated_search_id=85fa1b34-40a7-48d6-89e7-bef639d143d5&source_impression_id=p3_1646403083_8du8dhRH%2BjbxEl8S,5 huÃ©spedes Â· 2 dormitorios Â· 4 camas Â· 2 baÃ±os,"['28.12304,-16.77451']",140â‚¬ 
39015456,"Tu paraÃ­so en Playa ParaÃ­so, Tenerife",https://www.airbnb.es/rooms/39015456?adults=2&children=0&infants=0&check_in=2022-05-17&check_out=2022-05-24&federated_search_id=85fa1b34-40a7-48d6-89e7-bef639d143d5&source_impression_id=p3_1646403096_bJMiB8BC%2Fk3sBPs3,"6 huÃ©spedes Â· 2 dormitorios Â· 7 camas Â· 1,5 baÃ±os","['28.1233,-16.7733']",76â‚¬
44489895,Gorgeous Paraiso FREE WIFI,https://www.airbnb.es/rooms/44489895?adults=2&children=0&infants=0&check_in=2022-05-04&check_out=2022-05-11&federated_search_id=85fa1b34-40a7-48d6-89e7-bef639d143d5&source_impression_id=p3_1646403107_G8N5PYcVYgorti7a,6 huÃ©spedes Â· 2 dormitorios Â· 4 camas Â· 1 baÃ±o,"['28.12087,-16.77192']",75â‚¬
25495595,"Villa Romantic, Paradise in Tenerife. AC. WIFI",https://www.airbnb.es/rooms/25495595?adults=2&children=0&infants=0&check_in=2022-05-09&check_out=2022-05-16&federated_search_id=85fa1b34-40a7-48d6-89e7-bef639d143d5&source_impression_id=p3_1646403119_kk5Rn6%2F6x2eHPZ4s,6 huÃ©spedes Â· 3 dormitorios Â· 4 camas Â· 2 baÃ±os,"['28.12232,-16.77081']",87â‚¬
34281248,Well equipped Holiday Home,https://www.airbnb.es/rooms/34281248?adults=2&children=0&infants=0&check_in=2022-05-12&check_out=2022-05-19&federated_search_id=85fa1b34-40a7-48d6-89e7-bef639d143d5&source_impression_id=p3_1646403143_mFsMNvEmltaRVRQP,6 huÃ©spedes Â· 3 dormitorios Â· 3 camas Â· 1 baÃ±o,"['28.12048,-16.77014']",120â‚¬
15541267,Elena Studio,https://www.airbnb.es/rooms/15541267?adults=2&children=0&infants=0&check_in=2022-05-04&check_out=2022-05-11&federated_search_id=85fa1b34-40a7-48d6-89e7-bef639d143d5&source_impression_id=p3_1646403167_zCyOdxm8dSlrRy%2F7,"3 huÃ©spedes Â· 1 dormitorio Â· 2 camas Â· 1,5 baÃ±os","['28.11906,-16.77371']",39â‚¬
35486065,Apartamento de lujo en residencia tropical,https://www.airbnb.es/rooms/35486065?adults=2&children=0&infants=0&check_in=2022-05-28&check_out=2022-06-04&federated_search_id=85fa1b34-40a7-48d6-89e7-bef639d143d5&source_impression_id=p3_1646403179_CaX5SIR75316i9kk,5 huÃ©spedes Â· 2 dormitorios Â· 4 camas Â· 1 baÃ±o,"['28.12193,-16.77097']",90â‚¬
48321237,MEJOR PRECIO Puesta de sol de lujo 3 cama ap en Playa ParaÃ­so,https://www.airbnb.es/rooms/48321237?adults=2&children=0&infants=0&check_in=2022-05-22&check_out=2022-05-29&federated_search_id=85fa1b34-40a7-48d6-89e7-bef639d143d5&source_impression_id=p3_1646403191_7sPIOsdGqw5Nrf9M,5 huÃ©spedes Â· 3 dormitorios Â· 3 camas Â· 1 baÃ±o,"['28.1233,-16.7724']",95â‚¬
24967791,Â¡Apartamento de lujo en el paraÃ­so con piscina climatizada! ğŸŠâ€â™‚ï¸ğŸ¥‚â˜€ï¸,https://www.airbnb.es/rooms/24967791?adults=2&children=0&infants=0&check_in=2022-05-23&check_out=2022-05-30&federated_search_id=85fa1b34-40a7-48d6-89e7-bef639d143d5&source_impression_id=p3_1646403202_YWIjhcQX2i9QAsTE,6 huÃ©spedes Â· 3 dormitorios Â· 4 camas Â· 2 baÃ±os,"['28.12202,-16.77092']",201â‚¬
50939265,"DÃºplex, 90m2 de terrazas, vista al mar, 3 piscinas",https://www.airbnb.es/rooms/50939265?adults=2&children=0&infants=0&check_in=2022-05-02&check_out=2022-05-09&federated_search_id=85fa1b34-40a7-48d6-89e7-bef639d143d5&source_impression_id=p3_1646403214_sUSdfvnHBRxLKvRd,5 huÃ©spedes Â· 2 dormitorios Â· 3 camas Â· 2 baÃ±os,"['28.12228,-16.76999']",100â‚¬
8695908?,LUXURY APARTMENT IN PLAYA PARAISO,https://www.airbnb.es/rooms/8695908?adults=2&children=0&infants=0&check_in=2022-05-11&check_out=2022-05-18&federated_search_id=85fa1b34-40a7-48d6-89e7-bef639d143d5&source_impression_id=p3_1646403226_%2Bg%2Bp9b5zkhfG%2Fqgp,5 huÃ©spedes Â· 3 dormitorios Â· 5 camas Â· 2 baÃ±os,"['28.12203,-16.77013']",86â‚¬
53054920,Paradise Beach Duplex vista mar con hermosa terraza,https://www.airbnb.es/rooms/53054920?adults=2&children=0&infants=0&check_in=2022-05-14&check_out=2022-05-21&federated_search_id=85fa1b34-40a7-48d6-89e7-bef639d143d5&source_impression_id=p3_1646403238_f%2FORRgxBUoLSAgrD,6 huÃ©spedes Â· 3 dormitorios Â· 4 camas Â· 2 baÃ±os,"['28.11968,-16.76991']",150â‚¬
52492597,Elegante apartamento con piscina y vistas al mar,https://www.airbnb.es/rooms/52492597?adults=2&children=0&infants=0&check_in=2022-05-30&check_out=2022-06-06&federated_search_id=85fa1b34-40a7-48d6-89e7-bef639d143d5&source_impression_id=p3_1646403250_ey4rUbRZRGB6YXrB,"2 huÃ©spedes Â· 1 dormitorio Â· 1,5 baÃ±os","['28.12287,-16.77436']",89â‚¬ 
42408775,"Suites ParaÃ­so con mega vistas, mar y montaÃ±a.",https://www.airbnb.es/rooms/42408775?adults=2&children=0&infants=0&check_in=2022-05-19&check_out=2022-05-26&federated_search_id=85fa1b34-40a7-48d6-89e7-bef639d143d5&source_impression_id=p3_1646403262_sGSvq9PCCWEfIdzn,"4 huÃ©spedes Â· 2 dormitorios Â· 4 camas Â· 1,5 baÃ±os","['28.12339,-16.77683']",65â‚¬ 
2208841?,Playa Paraiso 8 Tenerife,https://www.airbnb.es/rooms/2208841?adults=2&children=0&infants=0&check_in=2022-05-23&check_out=2022-05-30&federated_search_id=85fa1b34-40a7-48d6-89e7-bef639d143d5&source_impression_id=p3_1646403274_WCHwIwJZb6QmeQe0,4 huÃ©spedes Â· 1 dormitorio Â· 4 camas Â· 1 baÃ±o,"['28.1213,-16.7757']",62â‚¬
31942667,Playa Paraiso - Costa Adeje,https://www.airbnb.es/rooms/31942667?adults=2&children=0&infants=0&check_in=2022-05-25&check_out=2022-06-01&federated_search_id=c5b279ab-1832-488e-af93-2fe6e2bbd53e&source_impression_id=p3_1646403292_KbqBAFyiLKvJQsaC,2 huÃ©spedes Â· 1 dormitorio Â· 2 camas Â· 1 baÃ±o,"['28.12248,-16.77371']",75â‚¬
13493409,LUXURY VILLA IN ADEJE,https://www.airbnb.es/rooms/13493409?adults=2&children=0&infants=0&check_in=2022-05-22&check_out=2022-05-29&federated_search_id=c5b279ab-1832-488e-af93-2fe6e2bbd53e&source_impression_id=p3_1646403303_%2BGilNhhkn4YIBDdv,6 huÃ©spedes Â· 3 dormitorios Â· 4 camas Â· 2 baÃ±os,"['28.11908,-16.77246']",85â‚¬
21366860,Paraiso II EQ FREE WIFI,https://www.airbnb.es/rooms/21366860?adults=2&children=0&infants=0&check_in=2022-05-02&check_out=2022-05-09&federated_search_id=c5b279ab-1832-488e-af93-2fe6e2bbd53e&source_impression_id=p3_1646403315_sw0LUegGX7w1wXg%2F,6 huÃ©spedes Â· 2 dormitorios Â· 4 camas Â· 1 baÃ±o,"['28.12129,-16.76999']",75â‚¬
33698892,Paraiso II FH FREE WIFI,https://www.airbnb.es/rooms/33698892?adults=2&children=0&infants=0&check_in=2022-05-10&check_out=2022-05-17&federated_search_id=c5b279ab-1832-488e-af93-2fe6e2bbd53e&source_impression_id=p3_1646403327_zP8aeDgGhKOyWriH,6 huÃ©spedes Â· 2 dormitorios Â· 4 camas Â· 2 baÃ±os,"['28.12249,-16.76995']",75â‚¬
33209723,La Casa Paradise with terrace FREE WIFI,https://www.airbnb.es/rooms/33209723?adults=2&children=0&infants=0&check_in=2022-05-14&check_out=2022-05-21&federated_search_id=c5b279ab-1832-488e-af93-2fe6e2bbd53e&source_impression_id=p3_1646403338_zkfK4MdhHT2moGwU,"6 huÃ©spedes Â· 2 dormitorios Â· 5 camas Â· 1,5 baÃ±os","['28.12123,-16.77162']",87â‚¬
22557522,"Villa Sol, Paradise in Tenerife, WIFI, Parking, AC",https://www.airbnb.es/rooms/22557522?adults=2&children=0&infants=0&check_in=2022-05-15&check_out=2022-05-22&federated_search_id=c5b279ab-1832-488e-af93-2fe6e2bbd53e&source_impression_id=p3_1646403350_IqrOsR8mrWZXMB1N,6 huÃ©spedes Â· 3 dormitorios Â· 4 camas Â· 2 baÃ±os,"['28.1222,-16.7712']",85â‚¬
47592662,Estudio al atardecer,https://www.airbnb.es/rooms/47592662?adults=2&children=0&infants=0&check_in=2022-05-03&check_out=2022-05-10&federated_search_id=c5b279ab-1832-488e-af93-2fe6e2bbd53e&source_impression_id=p3_1646403363_K9l%2FZ8TmMJlG%2BMWt,3 huÃ©spedes Â· Estudio Â· 2 camas Â· 1 baÃ±o,"['28.12302,-16.77615']",47â‚¬
43684054,Ocean Garden Suite 11 con jardÃ­n privado,https://www.airbnb.es/rooms/43684054?adults=2&children=0&infants=0&check_in=2022-05-30&check_out=2022-06-06&federated_search_id=c5b279ab-1832-488e-af93-2fe6e2bbd53e&source_impression_id=p3_1646403374_av8OoTPxFehoeaBO,4 huÃ©spedes Â· 2 dormitorios Â· 4 camas Â· 2 baÃ±os,[],150â‚¬ 
48603363,Ocean Garden Suite 66 con vistas al mar,https://www.airbnb.es/rooms/48603363?adults=2&children=0&infants=0&check_in=2022-05-31&check_out=2022-06-07&federated_search_id=c5b279ab-1832-488e-af93-2fe6e2bbd53e&source_impression_id=p3_1646403386_BLhGdpVYyFJNKtHs,"4 huÃ©spedes Â· 2 dormitorios Â· 3 camas Â· 2,5 baÃ±os",[],155â‚¬ 
46812545,Hermoso apartamento con vista al mar y a la montaÃ±a,https://www.airbnb.es/rooms/46812545?adults=2&children=0&infants=0&check_in=2022-05-24&check_out=2022-05-31&federated_search_id=c5b279ab-1832-488e-af93-2fe6e2bbd53e&source_impression_id=p3_1646403398_Iqg3CauXlv5JIjvx,6 huÃ©spedes Â· 3 dormitorios Â· 4 camas Â· 2 baÃ±os,"['28.1234,-16.7739']",120â‚¬
31167853,Best Duplex FREE WIFI,https://www.airbnb.es/rooms/31167853?adults=2&children=0&infants=0&check_in=2022-05-13&check_out=2022-05-20&federated_search_id=c5b279ab-1832-488e-af93-2fe6e2bbd53e&source_impression_id=p3_1646403410_ARPS933CZdNDG%2Fv4,6 huÃ©spedes Â· 2 dormitorios Â· 4 camas Â· 2 baÃ±os,"['28.12177,-16.77021']",75â‚¬
19221418,LUXURY SEA VIEW APARTMENT-NEAR THE BEACH!,https://www.airbnb.es/rooms/19221418?adults=2&children=0&infants=0&check_in=2022-05-05&check_out=2022-05-12&federated_search_id=c5b279ab-1832-488e-af93-2fe6e2bbd53e&source_impression_id=p3_1646403422_2Kej%2BdMWLwGHlh4Y,6 huÃ©spedes Â· 3 dormitorios Â· 4 camas Â· 2 baÃ±os,"['28.12098,-16.77058']",119â‚¬
16082046,APPT 4 PARA DE 56 M2 BORD MER TENERIFE,https://www.airbnb.es/rooms/16082046?adults=2&children=0&infants=0&check_in=2022-05-16&check_out=2022-05-23&federated_search_id=c5b279ab-1832-488e-af93-2fe6e2bbd53e&source_impression_id=p3_1646403434_4TjQSFaJMw1Rjtth,4 huÃ©spedes Â· 1 dormitorio Â· 1 cama Â· 1 baÃ±o,"['28.12347,-16.77875']",36â‚¬ 
3528529?,ÃTICO DE LUJO,https://www.airbnb.es/rooms/3528529?adults=2&children=0&infants=0&check_in=2022-05-20&check_out=2022-05-27&federated_search_id=c5b279ab-1832-488e-af93-2fe6e2bbd53e&source_impression_id=p3_1646403446_qW40VUOldlJG4Ib%2F,6 huÃ©spedes Â· 3 dormitorios Â· 3 camas Â· 2 baÃ±os,"['28.12185,-16.77147']",119â‚¬ 
42186506,"Residencial ""Ocean Garden""",https://www.airbnb.es/rooms/42186506?adults=2&children=0&infants=0&check_in=2022-05-28&check_out=2022-06-04&federated_search_id=c5b279ab-1832-488e-af93-2fe6e2bbd53e&source_impression_id=p3_1646403459_yuQQk%2FupfW3Fhgoe,6 huÃ©spedes Â· 2 dormitorios Â· 2 camas Â· 2 baÃ±os,"['28.1232,-16.7730']",100â‚¬
3673446?,Villa El Cielo,https://www.airbnb.es/rooms/3673446?adults=2&children=0&infants=0&check_in=2022-05-31&check_out=2022-06-07&federated_search_id=c5b279ab-1832-488e-af93-2fe6e2bbd53e&source_impression_id=p3_1646403470_l7gsoJxp0v5G2ODE,"4 huÃ©spedes Â· 2 dormitorios Â· 4 camas Â· 2,5 baÃ±os","['28.1213,-16.7692']",79â‚¬
34999993,Studio Anna - Playa Paraiso Tenerife,https://www.airbnb.es/rooms/34999993?adults=2&children=0&infants=0&check_in=2022-05-25&check_out=2022-06-01&federated_search_id=c5b279ab-1832-488e-af93-2fe6e2bbd53e&source_impression_id=p3_1646403482_Kcwh5WAeZihdVB5Z,4 huÃ©spedes Â· Estudio Â· 2 camas Â· 1 baÃ±o,[],50â‚¬
28246876,Paraiso II TG FREE WIFI,https://www.airbnb.es/rooms/28246876?adults=2&children=0&infants=0&check_in=2022-05-31&check_out=2022-06-07&federated_search_id=c5b279ab-1832-488e-af93-2fe6e2bbd53e&source_impression_id=p3_1646403494_37qDwoSoA333oeaW,"6 huÃ©spedes Â· 2 dormitorios Â· 3 camas Â· 2,5 baÃ±os","['28.12255,-16.77221']",75â‚¬
21546766,Apartment near the Sea in a luxury complex,https://www.airbnb.es/rooms/21546766?adults=2&children=0&infants=0&check_in=2022-05-30&check_out=2022-06-06&federated_search_id=1c2a8716-271e-47b0-b108-ac1804945f48&source_impression_id=p3_1646403815_R7Kj5JIMLDYQPoiv,6 huÃ©spedes Â· 3 dormitorios Â· 4 camas Â· 2 baÃ±os,"['28.12079,-16.76938']",121â‚¬
32740969,Paraiso del Sur - Sara,https://www.airbnb.es/rooms/32740969?adults=2&children=0&infants=0&check_in=2022-05-10&check_out=2022-05-17&federated_search_id=c5b279ab-1832-488e-af93-2fe6e2bbd53e&source_impression_id=p3_1646403518_LIJqEOra5YmTmtia,3 huÃ©spedes Â· Estudio Â· 1 cama Â· 1 baÃ±o,"['28.12363,-16.77571']",50â‚¬
50557901,Estudio playa ParaÃ­so,https://www.airbnb.es/rooms/50557901?adults=2&children=0&infants=0&check_in=2022-05-30&check_out=2022-06-06&federated_search_id=baa39625-3bef-4d17-962e-c5979d0f2779&source_impression_id=p3_1646403537_ITYD1ft5pTVETIrh,2 huÃ©spedes Â· 1 dormitorio Â· 1 cama Â· 1 baÃ±o,[],50â‚¬ 
31399768,"Playa ParaÃ­so con vistas al mar, piscinas climatizadas!!",https://www.airbnb.es/rooms/31399768?adults=2&children=0&infants=0&check_in=2022-05-21&check_out=2022-05-28&federated_search_id=baa39625-3bef-4d17-962e-c5979d0f2779&source_impression_id=p3_1646403548_LPT2b4KyWeuNXGjm,4 huÃ©spedes Â· 2 dormitorios Â· 3 camas Â· 1 baÃ±o,"['28.1225,-16.7764']",58â‚¬
19586743,"Luxury Vila, C. Adeje, SUPERWIFI, TVsat Workplace",https://www.airbnb.es/rooms/19586743?adults=2&children=0&infants=0&check_in=2022-05-25&check_out=2022-06-01&federated_search_id=baa39625-3bef-4d17-962e-c5979d0f2779&source_impression_id=p3_1646403560_Bv8BrGFE2G0MSa6B,6 huÃ©spedes Â· 3 dormitorios Â· 4 camas Â· 2 baÃ±os,"['28.12254,-16.77117']",95â‚¬
18227047,Estudio adyacente Hard Rock Hotel PLAYA PARAÃSO,https://www.airbnb.es/rooms/18227047?adults=2&children=0&infants=0&check_in=2022-05-26&check_out=2022-06-02&federated_search_id=baa39625-3bef-4d17-962e-c5979d0f2779&source_impression_id=p3_1646403572_uRidjz05KTdHlnz3,3 huÃ©spedes Â· 1 dormitorio Â· 2 camas Â· 1 baÃ±o,"['28.12341,-16.77835']",55â‚¬
52138949,Rcial Sol Paraiso Ii Beach - Playa ParaÃ­so Tenerife Sur,https://www.airbnb.es/rooms/52138949?adults=2&children=0&infants=0&check_in=2022-05-10&check_out=2022-05-17&federated_search_id=1c2a8716-271e-47b0-b108-ac1804945f48&source_impression_id=p3_1646403791_P%2F1YLsadnRM4OjKO,4 huÃ©spedes Â· 2 dormitorios Â· 2 camas Â· 1 baÃ±o,"['28.1229,-16.7737']",95â‚¬
23796774,Villa Playa ParaÃ­so - 3 camas con piscina climatizada,https://www.airbnb.es/rooms/23796774?adults=2&children=0&infants=0&check_in=2022-05-12&check_out=2022-05-19&federated_search_id=baa39625-3bef-4d17-962e-c5979d0f2779&source_impression_id=p3_1646403596_GPi8P42UVyB5eY%2Bj,6 huÃ©spedes Â· 3 dormitorios Â· 6 camas Â· 3 baÃ±os,"['28.12173,-16.77529']",169â‚¬
36724943,Amplio apartamento de dos dormitorios Sol ParaÃ­so,https://www.airbnb.es/rooms/36724943?adults=2&children=0&infants=0&check_in=2022-05-23&check_out=2022-05-30&federated_search_id=baa39625-3bef-4d17-962e-c5979d0f2779&source_impression_id=p3_1646403607_H2j9djleqiZTlg2O,4 huÃ©spedes Â· 2 dormitorios Â· 3 camas Â· 1 baÃ±o,"['28.12256,-16.77357']",92â‚¬
56722946,"Villa Tegueste, tranquila villa de 2 dormitorios.",https://www.airbnb.es/rooms/567229464272524704?adults=2&children=0&infants=0&check_in=2022-05-05&check_out=2022-05-12&federated_search_id=1c2a8716-271e-47b0-b108-ac1804945f48&source_impression_id=p3_1646403827_lMbTs7SRCHGIkLMZ,6 huÃ©spedes Â· 2 dormitorios Â· 4 camas Â· 2 baÃ±os,[],154â‚¬
49793522,"Villa Azul Wifi, piscina privada, BBQ, TenerifeSur",https://www.airbnb.es/rooms/49793522?adults=2&children=0&infants=0&check_in=2022-05-13&check_out=2022-05-20&federated_search_id=baa39625-3bef-4d17-962e-c5979d0f2779&source_impression_id=p3_1646403631_GQF6LoackhcEDda0,4 huÃ©spedes Â· 2 dormitorios Â· 3 camas Â· 2 baÃ±os,"['28.1236,-16.7671']",289â‚¬
49513317,"Precioso apartamento tipo estudio, piscina comunitaria, vistas al mar",https://www.airbnb.es/rooms/49513317?adults=2&children=0&infants=0&check_in=2022-05-23&check_out=2022-05-30&federated_search_id=baa39625-3bef-4d17-962e-c5979d0f2779&source_impression_id=p3_1646403643_lR1ajY4d94NkRaWF,2 huÃ©spedes Â· Estudio Â· 1 cama Â· 1 baÃ±o,[],81â‚¬
21497748,Adosado en Adeje Paradise,https://www.airbnb.es/rooms/21497748?adults=2&children=0&infants=0&check_in=2022-05-07&check_out=2022-05-14&federated_search_id=baa39625-3bef-4d17-962e-c5979d0f2779&source_impression_id=p3_1646403654_FiRU0niz8ltT197c,6 huÃ©spedes Â· 3 dormitorios Â· 1 cama Â· 2 baÃ±os,[],82â‚¬
49087528,Vista al mar,https://www.airbnb.es/rooms/49087528?adults=2&children=0&infants=0&check_in=2022-05-19&check_out=2022-05-26&federated_search_id=baa39625-3bef-4d17-962e-c5979d0f2779&source_impression_id=p3_1646403666_2loz9e6O1vZadFEh,4 huÃ©spedes Â· 2 dormitorios Â· 3 camas Â· 2 baÃ±os,"['28.12118,-16.77588']",60â‚¬
21404766,Apartamentos de 2 habitaciones en el Mirador del ParaÃ­so,https://www.airbnb.es/rooms/21404766?adults=2&children=0&infants=0&check_in=2022-05-17&check_out=2022-05-24&federated_search_id=1c2a8716-271e-47b0-b108-ac1804945f48&source_impression_id=p3_1646403934_sx5g79j3x3Kq27z0,6 huÃ©spedes Â· 2 dormitorios Â· 2 camas Â· 1 baÃ±o,"['28.12151,-16.77571']",88â‚¬
52138917,Rcial Sol ParaÃ­so Beach - Playa ParaÃ­so Tenerife Sur,https://www.airbnb.es/rooms/52138917?adults=2&children=0&infants=0&check_in=2022-05-25&check_out=2022-06-01&federated_search_id=1c2a8716-271e-47b0-b108-ac1804945f48&source_impression_id=p3_1646403851_wS2JcL1Ot%2BYqo0Ru,4 huÃ©spedes Â· 2 dormitorios Â· 2 camas Â· 1 baÃ±o,"['28.1229,-16.7737']",93â‚¬
22116916,Apartamento con 1 habitaciÃ³n en ParaÃ­so del Sur,https://www.airbnb.es/rooms/22116916?adults=2&children=0&infants=0&check_in=2022-05-20&check_out=2022-05-27&federated_search_id=1c2a8716-271e-47b0-b108-ac1804945f48&source_impression_id=p3_1646403874_c66naPG1czWo3P9Q,4 huÃ©spedes Â· 1 dormitorio Â· 1 cama Â· 1 baÃ±o,"['28.12261,-16.77665']",66â‚¬
53059311,"Apartamento ""Residencial sol Paraiso 529 Playa"" con piscina compartida, terraza privada y Wi-Fi",https://www.airbnb.es/rooms/53059311?adults=2&children=0&infants=0&check_in=2022-05-09&check_out=2022-05-16&federated_search_id=1c2a8716-271e-47b0-b108-ac1804945f48&source_impression_id=p3_1646403958_tip1YtSBbQfpYDkP,4 huÃ©spedes Â· 2 dormitorios Â· 3 camas Â· 1 baÃ±o,"['28.12232,-16.77292']",99â‚¬
4289337?,Ã¡tico de lujo,https://www.airbnb.es/rooms/4289337?adults=2&children=0&infants=0&check_in=2022-05-13&check_out=2022-05-20&federated_search_id=baa39625-3bef-4d17-962e-c5979d0f2779&source_impression_id=p3_1646403725_HlVTR6nAL7uQXhre,6 huÃ©spedes Â· 3 dormitorios Â· 3 camas Â· 2 baÃ±os,"['28.12084,-16.76939']",123â‚¬
53280022,"Apartamento de diseÃ±o Ocean Garden, Playa ParaÃ­so",https://www.airbnb.es/rooms/53280022?adults=2&children=0&infants=0&check_in=2022-05-03&check_out=2022-05-10&federated_search_id=1c2a8716-271e-47b0-b108-ac1804945f48&source_impression_id=p3_1646403780_ysC0dO4yfhUCkxs9,8 huÃ©spedes Â· 3 dormitorios Â· 4 camas Â· 3 baÃ±os,"['28.12346,-16.77443']",130â‚¬
54048952,"Apartamento de 2 habitaciones con vistas al mar, piscina compartida y jardÃ­n cerrado en Adeje - a 1 km de la playa",https://www.airbnb.es/rooms/54048952?adults=2&children=0&infants=0&check_in=2022-05-02&check_out=2022-05-09&federated_search_id=abae55fa-86d5-4659-90b4-5c9fb49fd66f&source_impression_id=p3_1646404033_xpa8O6YTJr1Pvbwi,4 huÃ©spedes Â· 2 dormitorios Â· 2 camas Â· 1 baÃ±o,"['28.1229,-16.7737']",139â‚¬
29920674,EsplÃ©ndida propiedad en la playa con excelentes vistas,https://www.airbnb.es/rooms/29920674?adults=2&children=0&infants=0&check_in=2022-05-05&check_out=2022-05-12&federated_search_id=1c2a8716-271e-47b0-b108-ac1804945f48&source_impression_id=p3_1646403922_Tvy5VJLt%2F4ZmjobI,4 huÃ©spedes Â· 1 dormitorio Â· 3 camas Â· 1 baÃ±o,"['28.1194,-16.7753']",108â‚¬ 
35231209,apartamento ultraequipado cerca del mar y de Seaview,https://www.airbnb.es/rooms/35231209?adults=2&children=0&infants=0&check_in=2022-05-24&check_out=2022-05-31&federated_search_id=1c2a8716-271e-47b0-b108-ac1804945f48&source_impression_id=p3_1646403803_i2u84wO43oeH3NoA,4 huÃ©spedes Â· 2 dormitorios Â· 3 camas Â· 1 baÃ±o,"['28.12143,-16.77404']",106â‚¬
56058287,SLEEP UNDER THE STARS II (BASE CAMP),https://www.airbnb.es/rooms/560582873052123506?adults=2&children=0&infants=0&check_in=2022-05-30&check_out=2022-06-06&federated_search_id=1c2a8716-271e-47b0-b108-ac1804945f48&source_impression_id=p3_1646403839_mfl13XIJtEUSPCOM,2 huÃ©spedes Â· 1 dormitorio Â· 1 cama Â· Aseo compartido,"['28.11977,-16.764']",22â‚¬
46084847,Apartamento en Playa ParaÃ­so,https://www.airbnb.es/rooms/46084847?adults=2&children=0&infants=0&check_in=2022-05-27&check_out=2022-06-03&federated_search_id=1c2a8716-271e-47b0-b108-ac1804945f48&source_impression_id=p3_1646403863_qz8q9a4%2FfPx3U3Bb,2 huÃ©spedes Â· 1 dormitorio Â· 1 baÃ±o,"['28.12142,-16.77559']",48â‚¬
53080114,Villa boutique de lujo con un chef con una estrella Michelin,https://www.airbnb.es/rooms/53080114?adults=2&children=0&infants=0&check_in=2022-05-15&check_out=2022-05-22&federated_search_id=1c2a8716-271e-47b0-b108-ac1804945f48&source_impression_id=p3_1646403886_m%2B5mfqeiN4%2FyqYCG,"14 huÃ©spedes Â· 7 dormitorios Â· 9 camas Â· 7,5 baÃ±os","['28.12357,-16.76575']",2.561â‚¬
4886959?,Apartamento con vistas increÃ­bles al ocÃ©ano,https://www.airbnb.es/rooms/4886959?adults=2&children=0&infants=0&check_in=2022-05-24&check_out=2022-05-31&federated_search_id=1c2a8716-271e-47b0-b108-ac1804945f48&source_impression_id=p3_1646403898_6tbsOLbms9eRiI05,5 huÃ©spedes Â· 2 dormitorios Â· 4 camas Â· 1 baÃ±o,"['28.12327,-16.77759']",80â‚¬
11652586,MARAVILLOSO BUNGALOW EN COSTA ADEJE.,https://www.airbnb.es/rooms/11652586?adults=2&children=0&infants=0&check_in=2022-05-26&check_out=2022-06-02&federated_search_id=1c2a8716-271e-47b0-b108-ac1804945f48&source_impression_id=p3_1646403910_ySiis8UwU%2FsluCjS,6 huÃ©spedes Â· 3 dormitorios Â· 5 camas Â· 2 baÃ±os,"['28.12232,-16.77088']",128â‚¬
53567658,RAMSES MOTORHOME (BASE CAMP),https://www.airbnb.es/rooms/53567658?adults=2&children=0&infants=0&check_in=2022-05-03&check_out=2022-05-10&federated_search_id=1c2a8716-271e-47b0-b108-ac1804945f48&source_impression_id=p3_1646403946_wOOgwyJDMWhSfC%2BU,5 huÃ©spedes Â· 1 dormitorio Â· 3 camas Â· Aseo compartido,"['28.12082,-16.76303']",22â‚¬ 
28807262,Deluxe 2 dormitorios con terraza chillout,https://www.airbnb.es/rooms/28807262?adults=2&children=0&infants=0&check_in=2022-05-15&check_out=2022-05-22&federated_search_id=1c2a8716-271e-47b0-b108-ac1804945f48&source_impression_id=p3_1646403970_R90%2BER0KaYqGm%2Bpx,5 huÃ©spedes Â· 2 dormitorios Â· 3 camas Â· 2 baÃ±os,"['28.12306,-16.77255']",140â‚¬
40854457,Villa Bella. Impresionante villa de 3 dormitorios,https://www.airbnb.es/rooms/40854457?adults=2&children=0&infants=0&check_in=2022-05-19&check_out=2022-05-26&federated_search_id=abae55fa-86d5-4659-90b4-5c9fb49fd66f&source_impression_id=p3_1646404022_snl6%2Bnc%2BRLN7%2F8Lg,6 huÃ©spedes Â· 3 dormitorios Â· 4 camas Â· 3 baÃ±os,"['28.1181,-16.7725']",227â‚¬
50696581,Large & fresh ocean view penthouse â˜€ï¸ğŸŒ´ğŸ,https://www.airbnb.es/rooms/50696581?adults=2&children=0&infants=0&check_in=2022-05-14&check_out=2022-05-21&federated_search_id=1c2a8716-271e-47b0-b108-ac1804945f48&source_impression_id=p3_1646403993_42CHFQoD1vSPrGvF,"5 huÃ©spedes Â· 2 dormitorios Â· 4 camas Â· 2,5 baÃ±os","['28.12097,-16.77614']",220â‚¬ 
28162972,Apartamento de lujo junto a la playa con fantÃ¡sticas vistas,https://www.airbnb.es/rooms/28162972?adults=2&children=0&infants=0&check_in=2022-05-17&check_out=2022-05-24&federated_search_id=1c2a8716-271e-47b0-b108-ac1804945f48&source_impression_id=p3_1646404005_VAVFHHz7Yr0fKMYF,4 huÃ©spedes Â· 1 dormitorio Â· 3 camas Â· 1 baÃ±o,"['28.11926,-16.77506']",108â‚¬ 
30362670,Las vacaciones al Club ParaÃ­so!,https://www.airbnb.es/rooms/30362670?adults=2&children=0&infants=0&check_in=2022-05-04&check_out=2022-05-11&federated_search_id=abae55fa-86d5-4659-90b4-5c9fb49fd66f&source_impression_id=p3_1646404045_OP%2BM4E38SAXdp5b6,6 huÃ©spedes Â· 2 dormitorios Â· 3 camas Â· 1 baÃ±o,"['28.12225,-16.77479']",99â‚¬
14162596,marina palace,https://www.airbnb.es/rooms/14162596?adults=2&children=0&infants=0&check_in=2022-05-05&check_out=2022-05-12&federated_search_id=abae55fa-86d5-4659-90b4-5c9fb49fd66f&source_impression_id=p3_1646404056_0%2FWHdXMqxp2OO5kf,3 huÃ©spedes Â· 1 dormitorio Â· 3 camas Â· 1 baÃ±o,"['28.12277,-16.77034']",55â‚¬
34120104,Apartamentos PARAISO FLOR,https://www.airbnb.es/rooms/34120104?adults=2&children=0&infants=0&check_in=2022-05-02&check_out=2022-05-09&federated_search_id=abae55fa-86d5-4659-90b4-5c9fb49fd66f&source_impression_id=p3_1646404068_I%2FHGuc1sq9u7S%2FlF,4 huÃ©spedes Â· 1 dormitorio Â· 1 cama Â· 1 baÃ±o,"['28.12325,-16.77461']",55â‚¬
7069308?,Nuevo apartamento de diseÃ±o para huÃ©spedes VIP,https://www.airbnb.es/rooms/7069308?adults=2&children=0&infants=0&check_in=2022-05-21&check_out=2022-05-28&federated_search_id=abae55fa-86d5-4659-90b4-5c9fb49fd66f&source_impression_id=p3_1646404080_RWhM6dkyJsI7x9bS,7 huÃ©spedes Â· 3 dormitorios Â· 6 camas Â· 2 baÃ±os,"['28.12141,-16.77396']",110â‚¬
6457258?,Big LUX family aprt. con vistas al mar,https://www.airbnb.es/rooms/6457258?adults=2&children=0&infants=0&check_in=2022-05-16&check_out=2022-05-23&federated_search_id=abae55fa-86d5-4659-90b4-5c9fb49fd66f&source_impression_id=p3_1646404092_tsh5bUgFlMBldsJJ,"5 huÃ©spedes Â· 3 dormitorios Â· 5 camas Â· 2,5 baÃ±os","['28.12157,-16.77405']",110â‚¬
46618587,"Sol ParaÃ­so, Adeje, Tenerife, apartamento",https://www.airbnb.es/rooms/46618587?adults=2&children=0&infants=0&check_in=2022-05-03&check_out=2022-05-10&federated_search_id=abae55fa-86d5-4659-90b4-5c9fb49fd66f&source_impression_id=p3_1646404103_8p5ztYiuag7nI1sb,4 huÃ©spedes Â· 2 dormitorios Â· 3 camas Â· 1 baÃ±o,"['28.12309,-16.77353']",56â‚¬
